"LAMBERT AIRPORT TERMINAL #1","WELLSTON METROLINK STATION",22,09:41:00,09:41:00
"LAMBERT AIRPORT TERMINAL #1","WELLSTON METROLINK STATION",22,20:21:00,20:21:00
"SHILOH SCOTT","WELLSTON METROLINK STATION",7,20:02:00,20:02:00
"SHILOH SCOTT","WELLSTON METROLINK STATION",7,20:02:00,20:02:00
"SHILOH SCOTT","WELLSTON METROLINK STATION",7,23:02:00,23:02:00
"SHILOH SCOTT","WELLSTON METROLINK STATION",7,23:26:00,23:26:00
"SHILOH SCOTT","WELLSTON METROLINK STATION",7,18:22:00,18:22:00
"SHILOH SCOTT","WELLSTON METROLINK STATION",7,13:02:00,13:02:00
"SHILOH SCOTT","WELLSTON METROLINK STATION",7,08:22:00,08:22:00
"LAMBERT AIRPORT TERMINAL #1","WELLSTON METROLINK STATION",22,07:27:00,07:27:00
"LAMBERT AIRPORT TERMINAL #1","WELLSTON METROLINK STATION",22,07:15:00,07:15:00
"LAMBERT AIRPORT TERMINAL #1","WELLSTON METROLINK STATION",22,08:39:00,08:39:00
"LAMBERT AIRPORT TERMINAL #1","WELLSTON METROLINK STATION",22,08:27:00,08:27:00
"LAMBERT AIRPORT TERMINAL #1","WELLSTON METROLINK STATION",22,10:41:00,10:41:00
"LAMBERT AIRPORT TERMINAL #1","WELLSTON METROLINK STATION",22,15:41:00,15:41:00
"LAMBERT AIRPORT TERMINAL #1","WELLSTON METROLINK STATION",22,14:41:00,14:41:00
"LAMBERT AIRPORT TERMINAL #1","WELLSTON METROLINK STATION",22,15:01:00,15:01:00
"CIVIC CENTER","WELLSTON METROLINK STATION",7,25:12:00,25:12:00
"CIVIC CENTER","WELLSTON METROLINK STATION",7,24:42:00,24:42:00
"FAIRVIEW HEIGHTS","WELLSTON METROLINK STATION",7,24:23:00,24:23:00
"FAIRVIEW HEIGHTS","WELLSTON METROLINK STATION",7,23:56:00,23:56:00
"LAMBERT AIRPORT TERMINAL #1","WELLSTON METROLINK STATION",22,18:03:00,18:03:00
"SHILOH SCOTT","WELLSTON METROLINK STATION",7,06:02:00,06:02:00
"LAMBERT AIRPORT TERMINAL #1","WELLSTON METROLINK STATION",22,21:21:00,21:21:00
"LAMBERT AIRPORT TERMINAL #1","WELLSTON METROLINK STATION",22,22:01:00,22:01:00
"LAMBERT AIRPORT TERMINAL #1","WELLSTON METROLINK STATION",22,15:21:00,15:21:00
"SHILOH SCOTT","WELLSTON METROLINK STATION",7,06:46:00,06:46:00
"SHILOH SCOTT","WELLSTON METROLINK STATION",7,16:42:00,16:42:00
"SHILOH SCOTT","WELLSTON METROLINK STATION",7,20:22:00,20:22:00
"SHILOH SCOTT","WELLSTON METROLINK STATION",7,09:42:00,09:42:00
"SHILOH SCOTT","WELLSTON METROLINK STATION",7,09:22:00,09:22:00
"SHILOH SCOTT","WELLSTON METROLINK STATION",7,10:02:00,10:02:00
"LAMBERT AIRPORT TERMINAL #1","WELLSTON METROLINK STATION",22,17:01:00,17:01:00
"LAMBERT AIRPORT TERMINAL #1","WELLSTON METROLINK STATION",22,16:41:00,16:41:00
"LAMBERT AIRPORT TERMINAL #1","WELLSTON METROLINK STATION",22,16:21:00,16:21:00
"LAMBERT AIRPORT TERMINAL #1","WELLSTON METROLINK STATION",22,16:01:00,16:01:00
"LAMBERT AIRPORT TERMINAL #1","WELLSTON METROLINK STATION",22,22:21:00,22:21:00
"LAMBERT AIRPORT TERMINAL #1","WELLSTON METROLINK STATION",22,10:41:00,10:41:00
"SHILOH SCOTT","WELLSTON METROLINK STATION",7,18:02:00,18:02:00
"SHILOH SCOTT","WELLSTON METROLINK STATION",7,18:22:00,18:22:00
"SHILOH SCOTT","WELLSTON METROLINK STATION",7,18:42:00,18:42:00
"SHILOH SCOTT","WELLSTON METROLINK STATION",7,19:02:00,19:02:00
"SHILOH SCOTT","WELLSTON METROLINK STATION",7,13:02:00,13:02:00
"SHILOH SCOTT","WELLSTON METROLINK STATION",7,19:22:00,19:22:00
"LAMBERT AIRPORT TERMINAL #1","WELLSTON METROLINK STATION",22,21:21:00,21:21:00
"LAMBERT AIRPORT TERMINAL #1","WELLSTON METROLINK STATION",22,21:41:00,21:41:00
"LAMBERT AIRPORT TERMINAL #1","WELLSTON METROLINK STATION",22,22:01:00,22:01:00
"LAMBERT AIRPORT TERMINAL #1","WELLSTON METROLINK STATION",22,22:21:00,22:21:00
"SHILOH SCOTT","WELLSTON METROLINK STATION",7,06:58:00,06:58:00
"SHILOH SCOTT","WELLSTON METROLINK STATION",7,07:10:00,07:10:00
"SHILOH SCOTT","WELLSTON METROLINK STATION",7,07:22:00,07:22:00
"SHILOH SCOTT","WELLSTON METROLINK STATION",7,07:34:00,07:34:00
"SHILOH SCOTT","WELLSTON METROLINK STATION",7,07:46:00,07:46:00
"SHILOH SCOTT","WELLSTON METROLINK STATION",7,07:58:00,07:58:00
"SHILOH SCOTT","WELLSTON METROLINK STATION",7,08:10:00,08:10:00
"SHILOH SCOTT","WELLSTON METROLINK STATION",7,08:22:00,08:22:00
"SHILOH SCOTT","WELLSTON METROLINK STATION",7,08:34:00,08:34:00
"SHILOH SCOTT","WELLSTON METROLINK STATION",7,08:46:00,08:46:00
"SHILOH SCOTT","WELLSTON METROLINK STATION",7,12:42:00,12:42:00
"SHILOH SCOTT","WELLSTON METROLINK STATION",7,22:02:00,22:02:00
"SHILOH SCOTT","WELLSTON METROLINK STATION",7,22:42:00,22:42:00
"LAMBERT AIRPORT TERMINAL #1","WELLSTON METROLINK STATION",22,22:41:00,22:41:00
"LAMBERT AIRPORT TERMINAL #1","WELLSTON METROLINK STATION",22,20:41:00,20:41:00
"LAMBERT AIRPORT TERMINAL #1","WELLSTON METROLINK STATION",22,20:21:00,20:21:00
"LAMBERT AIRPORT TERMINAL #1","WELLSTON METROLINK STATION",15,05:47:00,05:47:00
"SHILOH SCOTT","WELLSTON METROLINK STATION",7,06:34:00,06:34:00
"LAMBERT AIRPORT TERMINAL #1","WELLSTON METROLINK STATION",15,05:00:00,05:00:00
"LAMBERT AIRPORT TERMINAL #1","WELLSTON METROLINK STATION",5,05:47:00,05:47:00
"SHILOH SCOTT","WELLSTON METROLINK STATION",7,19:22:00,19:22:00
"SHILOH SCOTT","WELLSTON METROLINK STATION",7,18:42:00,18:42:00
"LAMBERT AIRPORT TERMINAL #1","WELLSTON METROLINK STATION",22,10:01:00,10:01:00
"LAMBERT AIRPORT TERMINAL #1","WELLSTON METROLINK STATION",15,05:27:00,05:27:00
"LAMBERT AIRPORT TERMINAL #1","WELLSTON METROLINK STATION",22,06:01:00,06:01:00
"LAMBERT AIRPORT TERMINAL #1","WELLSTON METROLINK STATION",22,06:21:00,06:21:00
"SHILOH SCOTT","WELLSTON METROLINK STATION",7,05:16:00,05:16:00
"SHILOH SCOTT","WELLSTON METROLINK STATION",7,05:35:00,05:35:00
"SHILOH SCOTT","WELLSTON METROLINK STATION",7,20:02:00,20:02:00
"SHILOH SCOTT","WELLSTON METROLINK STATION",7,22:22:00,22:22:00
"SHILOH SCOTT","WELLSTON METROLINK STATION",7,22:42:00,22:42:00
"SHILOH SCOTT","WELLSTON METROLINK STATION",7,22:02:00,22:02:00
"LAMBERT AIRPORT TERMINAL #1","WELLSTON METROLINK STATION",22,07:51:00,07:51:00
"LAMBERT AIRPORT TERMINAL #1","WELLSTON METROLINK STATION",22,07:39:00,07:39:00
"LAMBERT AIRPORT TERMINAL #1","WELLSTON METROLINK STATION",22,08:15:00,08:15:00
"SHILOH SCOTT","WELLSTON METROLINK STATION",7,07:42:00,07:42:00
"LAMBERT AIRPORT TERMINAL #1","WELLSTON METROLINK STATION",22,19:21:00,19:21:00
"SHILOH SCOTT","WELLSTON METROLINK STATION",7,15:22:00,15:22:00
"LAMBERT AIRPORT TERMINAL #1","WELLSTON METROLINK STATION",22,19:01:00,19:01:00
"LAMBERT AIRPORT TERMINAL #1","WELLSTON METROLINK STATION",22,20:01:00,20:01:00
"SHILOH SCOTT","WELLSTON METROLINK STATION",7,08:22:00,08:22:00
"LAMBERT AIRPORT TERMINAL #1","WELLSTON METROLINK STATION",22,16:21:00,16:21:00
"SHILOH SCOTT","WELLSTON METROLINK STATION",7,08:02:00,08:02:00
"SHILOH SCOTT","WELLSTON METROLINK STATION",7,08:22:00,08:22:00
"SHILOH SCOTT","WELLSTON METROLINK STATION",7,08:42:00,08:42:00
"SHILOH SCOTT","WELLSTON METROLINK STATION",7,09:02:00,09:02:00
"SHILOH SCOTT","WELLSTON METROLINK STATION",7,06:42:00,06:42:00
"SHILOH SCOTT","WELLSTON METROLINK STATION",7,14:02:00,14:02:00
"SHILOH SCOTT","WELLSTON METROLINK STATION",7,14:22:00,14:22:00
"SHILOH SCOTT","WELLSTON METROLINK STATION",7,16:42:00,16:42:00
"SHILOH SCOTT","WELLSTON METROLINK STATION",7,10:22:00,10:22:00
"LAMBERT AIRPORT TERMINAL #1","WELLSTON METROLINK STATION",22,12:41:00,12:41:00
"LAMBERT AIRPORT TERMINAL #1","WELLSTON METROLINK STATION",22,12:21:00,12:21:00
"LAMBERT AIRPORT TERMINAL #1","WELLSTON METROLINK STATION",22,12:41:00,12:41:00
"LAMBERT AIRPORT TERMINAL #1","WELLSTON METROLINK STATION",22,12:21:00,12:21:00
"LAMBERT AIRPORT TERMINAL #1","WELLSTON METROLINK STATION",22,11:01:00,11:01:00
"SHILOH SCOTT","WELLSTON METROLINK STATION",7,23:02:00,23:02:00
"LAMBERT AIRPORT TERMINAL #1","WELLSTON METROLINK STATION",22,18:21:00,18:21:00
"LAMBERT AIRPORT TERMINAL #1","WELLSTON METROLINK STATION",22,21:41:00,21:41:00
"LAMBERT AIRPORT TERMINAL #1","WELLSTON METROLINK STATION",22,21:21:00,21:21:00
"LAMBERT AIRPORT TERMINAL #1","WELLSTON METROLINK STATION",22,10:41:00,10:41:00
"SHILOH SCOTT","WELLSTON METROLINK STATION",7,20:42:00,20:42:00
"SHILOH SCOTT","WELLSTON METROLINK STATION",7,11:02:00,11:02:00
"SHILOH SCOTT","WELLSTON METROLINK STATION",7,10:02:00,10:02:00
"SHILOH SCOTT","WELLSTON METROLINK STATION",7,09:42:00,09:42:00
"SHILOH SCOTT","WELLSTON METROLINK STATION",7,23:26:00,23:26:00
"LAMBERT AIRPORT TERMINAL #1","WELLSTON METROLINK STATION",22,07:01:00,07:01:00
"LAMBERT AIRPORT TERMINAL #1","WELLSTON METROLINK STATION",15,05:27:00,05:27:00
"LAMBERT AIRPORT TERMINAL #1","WELLSTON METROLINK STATION",22,06:01:00,06:01:00
"LAMBERT AIRPORT TERMINAL #1","WELLSTON METROLINK STATION",22,06:21:00,06:21:00
"LAMBERT AIRPORT TERMINAL #1","WELLSTON METROLINK STATION",22,06:41:00,06:41:00
"SHILOH SCOTT","WELLSTON METROLINK STATION",7,22:22:00,22:22:00
"SHILOH SCOTT","WELLSTON METROLINK STATION",7,22:42:00,22:42:00
"SHILOH SCOTT","WELLSTON METROLINK STATION",7,23:02:00,23:02:00
"SHILOH SCOTT","WELLSTON METROLINK STATION",7,16:46:00,16:46:00
"SHILOH SCOTT","WELLSTON METROLINK STATION",7,16:58:00,16:58:00
"SHILOH SCOTT","WELLSTON METROLINK STATION",7,17:10:00,17:10:00
"SHILOH SCOTT","WELLSTON METROLINK STATION",7,17:22:00,17:22:00
"SHILOH SCOTT","WELLSTON METROLINK STATION",7,15:58:00,15:58:00
"SHILOH SCOTT","WELLSTON METROLINK STATION",7,16:10:00,16:10:00
"SHILOH SCOTT","WELLSTON METROLINK STATION",7,16:22:00,16:22:00
"SHILOH SCOTT","WELLSTON METROLINK STATION",7,16:34:00,16:34:00
"SHILOH SCOTT","WELLSTON METROLINK STATION",7,17:34:00,17:34:00
"SHILOH SCOTT","WELLSTON METROLINK STATION",7,17:46:00,17:46:00
"SHILOH SCOTT","WELLSTON METROLINK STATION",7,19:02:00,19:02:00
"SHILOH SCOTT","WELLSTON METROLINK STATION",7,18:41:00,18:41:00
"SHILOH SCOTT","WELLSTON METROLINK STATION",7,07:42:00,07:42:00
"SHILOH SCOTT","WELLSTON METROLINK STATION",7,05:35:00,05:35:00
"LAMBERT AIRPORT TERMINAL #1","WELLSTON METROLINK STATION",22,09:41:00,09:41:00
"LAMBERT AIRPORT TERMINAL #1","WELLSTON METROLINK STATION",22,10:01:00,10:01:00
"LAMBERT AIRPORT TERMINAL #1","WELLSTON METROLINK STATION",22,10:21:00,10:21:00
"SHILOH SCOTT","WELLSTON METROLINK STATION",7,08:42:00,08:42:00
"SHILOH SCOTT","WELLSTON METROLINK STATION",7,11:42:00,11:42:00
"LAMBERT AIRPORT TERMINAL #1","WELLSTON METROLINK STATION",22,09:03:00,09:03:00
"LAMBERT AIRPORT TERMINAL #1","WELLSTON METROLINK STATION",22,08:51:00,08:51:00
"CIVIC CENTER","WELLSTON METROLINK STATION",7,24:42:00,24:42:00
"LAMBERT AIRPORT TERMINAL #1","WELLSTON METROLINK STATION",22,19:21:00,19:21:00
"LAMBERT AIRPORT TERMINAL #1","WELLSTON METROLINK STATION",22,19:01:00,19:01:00
"LAMBERT AIRPORT TERMINAL #1","WELLSTON METROLINK STATION",22,18:41:00,18:41:00
"LAMBERT AIRPORT TERMINAL #1","WELLSTON METROLINK STATION",22,18:21:00,18:21:00
"LAMBERT AIRPORT TERMINAL #1","WELLSTON METROLINK STATION",22,10:41:00,10:41:00
"LAMBERT AIRPORT TERMINAL #1","WELLSTON METROLINK STATION",22,08:51:00,08:51:00
"SHILOH SCOTT","WELLSTON METROLINK STATION",7,05:42:00,05:42:00
"SHILOH SCOTT","WELLSTON METROLINK STATION",7,05:22:00,05:22:00
"SHILOH SCOTT","WELLSTON METROLINK STATION",7,20:42:00,20:42:00
"SHILOH SCOTT","WELLSTON METROLINK STATION",7,19:42:00,19:42:00
"SHILOH SCOTT","WELLSTON METROLINK STATION",7,23:26:00,23:26:00
"SHILOH SCOTT","WELLSTON METROLINK STATION",7,20:02:00,20:02:00
"LAMBERT AIRPORT TERMINAL #1","WELLSTON METROLINK STATION",22,11:01:00,11:01:00
"FAIRVIEW HEIGHTS","WELLSTON METROLINK STATION",7,23:36:00,23:36:00
"SHILOH SCOTT","WELLSTON METROLINK STATION",7,06:22:00,06:22:00
"LAMBERT AIRPORT TERMINAL #1","WELLSTON METROLINK STATION",22,17:21:00,17:21:00
GRAND,"WELLSTON METROLINK STATION",7,19:17:00,19:17:00
"LAMBERT AIRPORT TERMINAL #1","WELLSTON METROLINK STATION",22,18:27:00,18:27:00
GRAND,"WELLSTON METROLINK STATION",7,18:37:00,18:37:00
"LAMBERT AIRPORT TERMINAL #1","WELLSTON METROLINK STATION",22,18:57:00,18:57:00
"SHILOH SCOTT","WELLSTON METROLINK STATION",7,09:02:00,09:02:00
"SHILOH SCOTT","WELLSTON METROLINK STATION",7,05:22:00,05:22:00
"SHILOH SCOTT","WELLSTON METROLINK STATION",7,05:42:00,05:42:00
"LAMBERT AIRPORT TERMINAL #1","WELLSTON METROLINK STATION",22,15:41:00,15:41:00
"LAMBERT AIRPORT TERMINAL #1","WELLSTON METROLINK STATION",22,08:03:00,08:03:00
"LAMBERT AIRPORT TERMINAL #1","WELLSTON METROLINK STATION",22,09:01:00,09:01:00
"SHILOH SCOTT","WELLSTON METROLINK STATION",7,07:22:00,07:22:00
"SHILOH SCOTT","WELLSTON METROLINK STATION",7,08:22:00,08:22:00
"SHILOH SCOTT","WELLSTON METROLINK STATION",7,08:02:00,08:02:00
"SHILOH SCOTT","WELLSTON METROLINK STATION",7,07:22:00,07:22:00
"SHILOH SCOTT","WELLSTON METROLINK STATION",7,11:42:00,11:42:00
"LAMBERT AIRPORT TERMINAL #1","WELLSTON METROLINK STATION",22,07:51:00,07:51:00
"LAMBERT AIRPORT TERMINAL #1","WELLSTON METROLINK STATION",22,22:41:00,22:41:00
"SHILOH SCOTT","WELLSTON METROLINK STATION",7,22:22:00,22:22:00
"SHILOH SCOTT","WELLSTON METROLINK STATION",7,12:22:00,12:22:00
"SHILOH SCOTT","WELLSTON METROLINK STATION",7,12:02:00,12:02:00
"SHILOH SCOTT","WELLSTON METROLINK STATION",7,19:02:00,19:02:00
"CIVIC CENTER","WELLSTON METROLINK STATION",7,25:12:00,25:12:00
"FAIRVIEW HEIGHTS","WELLSTON METROLINK STATION",7,23:36:00,23:36:00
"SHILOH SCOTT","WELLSTON METROLINK STATION",7,18:41:00,18:41:00
"SHILOH SCOTT","WELLSTON METROLINK STATION",7,18:02:00,18:02:00
"SHILOH SCOTT","WELLSTON METROLINK STATION",7,14:22:00,14:22:00
"SHILOH SCOTT","WELLSTON METROLINK STATION",7,14:42:00,14:42:00
"SHILOH SCOTT","WELLSTON METROLINK STATION",7,15:02:00,15:02:00
"SHILOH SCOTT","WELLSTON METROLINK STATION",7,15:22:00,15:22:00
"LAMBERT AIRPORT TERMINAL #1","WELLSTON METROLINK STATION",22,23:40:00,23:40:00
"SHILOH SCOTT","WELLSTON METROLINK STATION",7,12:02:00,12:02:00
"SHILOH SCOTT","WELLSTON METROLINK STATION",7,23:26:00,23:26:00
"SHILOH SCOTT","WELLSTON METROLINK STATION",7,11:42:00,11:42:00
"SHILOH SCOTT","WELLSTON METROLINK STATION",7,20:02:00,20:02:00
"SHILOH SCOTT","WELLSTON METROLINK STATION",7,23:02:00,23:02:00
"LAMBERT AIRPORT TERMINAL #1","WELLSTON METROLINK STATION",22,08:39:00,08:39:00
"LAMBERT AIRPORT TERMINAL #1","WELLSTON METROLINK STATION",22,16:21:00,16:21:00
"LAMBERT AIRPORT TERMINAL #1","WELLSTON METROLINK STATION",22,16:01:00,16:01:00
"LAMBERT AIRPORT TERMINAL #1","WELLSTON METROLINK STATION",22,22:21:00,22:21:00
"LAMBERT AIRPORT TERMINAL #1","WELLSTON METROLINK STATION",22,22:01:00,22:01:00
"LAMBERT AIRPORT TERMINAL #1","WELLSTON METROLINK STATION",22,16:41:00,16:41:00
"LAMBERT AIRPORT TERMINAL #1","WELLSTON METROLINK STATION",22,09:41:00,09:41:00
"LAMBERT AIRPORT TERMINAL #1","WELLSTON METROLINK STATION",22,10:01:00,10:01:00
"LAMBERT AIRPORT TERMINAL #1","WELLSTON METROLINK STATION",22,18:21:00,18:21:00
"SHILOH SCOTT","WELLSTON METROLINK STATION",7,14:02:00,14:02:00
"SHILOH SCOTT","WELLSTON METROLINK STATION",7,11:42:00,11:42:00
"SHILOH SCOTT","WELLSTON METROLINK STATION",7,12:22:00,12:22:00
"SHILOH SCOTT","WELLSTON METROLINK STATION",7,12:02:00,12:02:00
"SHILOH SCOTT","WELLSTON METROLINK STATION",7,19:42:00,19:42:00
"LAMBERT AIRPORT TERMINAL #1","WELLSTON METROLINK STATION",22,17:21:00,17:21:00
"LAMBERT AIRPORT TERMINAL #1","WELLSTON METROLINK STATION",22,17:41:00,17:41:00
"LAMBERT AIRPORT TERMINAL #1","WELLSTON METROLINK STATION",22,21:01:00,21:01:00
"LAMBERT AIRPORT TERMINAL #1","WELLSTON METROLINK STATION",22,22:41:00,22:41:00
"SHILOH SCOTT","WELLSTON METROLINK STATION",7,20:22:00,20:22:00
"SHILOH SCOTT","WELLSTON METROLINK STATION",7,23:02:00,23:02:00
"CIVIC CENTER","WELLSTON METROLINK STATION",7,25:12:00,25:12:00
"LAMBERT AIRPORT TERMINAL #1","WELLSTON METROLINK STATION",22,11:41:00,11:41:00
"FAIRVIEW HEIGHTS","WELLSTON METROLINK STATION",7,23:56:00,23:56:00
"SHILOH SCOTT","WELLSTON METROLINK STATION",7,08:46:00,08:46:00
"SHILOH SCOTT","WELLSTON METROLINK STATION",7,18:10:00,18:10:00
"SHILOH SCOTT","WELLSTON METROLINK STATION",7,08:42:00,08:42:00
"LAMBERT AIRPORT TERMINAL #1","WELLSTON METROLINK STATION",22,18:01:00,18:01:00
"LAMBERT AIRPORT TERMINAL #1","WELLSTON METROLINK STATION",22,22:41:00,22:41:00
"LAMBERT AIRPORT TERMINAL #1","WELLSTON METROLINK STATION",22,19:41:00,19:41:00
"LAMBERT AIRPORT TERMINAL #1","WELLSTON METROLINK STATION",22,23:01:00,23:01:00
"SHILOH SCOTT","WELLSTON METROLINK STATION",7,08:22:00,08:22:00
"LAMBERT AIRPORT TERMINAL #1","WELLSTON METROLINK STATION",22,20:21:00,20:21:00
"SHILOH SCOTT","WELLSTON METROLINK STATION",7,08:02:00,08:02:00
"LAMBERT AIRPORT TERMINAL #1","WELLSTON METROLINK STATION",22,19:21:00,19:21:00
"SHILOH SCOTT","WELLSTON METROLINK STATION",7,21:42:00,21:42:00
"LAMBERT AIRPORT TERMINAL #1","WELLSTON METROLINK STATION",22,24:02:00,24:02:00
"SHILOH SCOTT","WELLSTON METROLINK STATION",7,06:02:00,06:02:00
"LAMBERT AIRPORT TERMINAL #1","WELLSTON METROLINK STATION",15,04:44:00,04:44:00
"CIVIC CENTER","WELLSTON METROLINK STATION",7,25:12:00,25:12:00
"CIVIC CENTER","WELLSTON METROLINK STATION",7,24:42:00,24:42:00
"LAMBERT AIRPORT TERMINAL #1","WELLSTON METROLINK STATION",22,09:21:00,09:21:00
"LAMBERT AIRPORT TERMINAL #1","WELLSTON METROLINK STATION",22,08:41:00,08:41:00
"LAMBERT AIRPORT TERMINAL #1","WELLSTON METROLINK STATION",22,08:21:00,08:21:00
"SHILOH SCOTT","WELLSTON METROLINK STATION",7,09:02:00,09:02:00
"LAMBERT AIRPORT TERMINAL #1","WELLSTON METROLINK STATION",22,22:01:00,22:01:00
"SHILOH SCOTT","WELLSTON METROLINK STATION",7,14:43:00,14:43:00
"LAMBERT AIRPORT TERMINAL #1","WELLSTON METROLINK STATION",22,23:01:00,23:01:00
"SHILOH SCOTT","WELLSTON METROLINK STATION",7,14:22:00,14:22:00
"SHILOH SCOTT","WELLSTON METROLINK STATION",7,13:22:00,13:22:00
"SHILOH SCOTT","WELLSTON METROLINK STATION",7,11:02:00,11:02:00
"SHILOH SCOTT","WELLSTON METROLINK STATION",7,06:23:00,06:23:00
"SHILOH SCOTT","WELLSTON METROLINK STATION",7,06:34:00,06:34:00
"SHILOH SCOTT","WELLSTON METROLINK STATION",7,21:42:00,21:42:00
"LAMBERT AIRPORT TERMINAL #1","WELLSTON METROLINK STATION",22,18:57:00,18:57:00
"LAMBERT AIRPORT TERMINAL #1","WELLSTON METROLINK STATION",22,18:27:00,18:27:00
GRAND,"WELLSTON METROLINK STATION",7,19:17:00,19:17:00
GRAND,"WELLSTON METROLINK STATION",7,18:37:00,18:37:00
"LAMBERT AIRPORT TERMINAL #1","WELLSTON METROLINK STATION",22,19:21:00,19:21:00
"SHILOH SCOTT","WELLSTON METROLINK STATION",7,09:22:00,09:22:00
"LAMBERT AIRPORT TERMINAL #1","WELLSTON METROLINK STATION",22,24:02:00,24:02:00
"LAMBERT AIRPORT TERMINAL #1","WELLSTON METROLINK STATION",22,12:41:00,12:41:00
"LAMBERT AIRPORT TERMINAL #1","WELLSTON METROLINK STATION",22,12:21:00,12:21:00
"LAMBERT AIRPORT TERMINAL #1","WELLSTON METROLINK STATION",22,12:01:00,12:01:00
"LAMBERT AIRPORT TERMINAL #1","WELLSTON METROLINK STATION",22,13:21:00,13:21:00
"LAMBERT AIRPORT TERMINAL #1","WELLSTON METROLINK STATION",22,21:01:00,21:01:00
"SHILOH SCOTT","WELLSTON METROLINK STATION",7,10:42:00,10:42:00
"LAMBERT AIRPORT TERMINAL #1","WELLSTON METROLINK STATION",22,12:21:00,12:21:00
"SHILOH SCOTT","WELLSTON METROLINK STATION",7,11:22:00,11:22:00
"LAMBERT AIRPORT TERMINAL #1","WELLSTON METROLINK STATION",22,17:27:00,17:27:00
"LAMBERT AIRPORT TERMINAL #1","WELLSTON METROLINK STATION",22,12:41:00,12:41:00
"LAMBERT AIRPORT TERMINAL #1","WELLSTON METROLINK STATION",22,06:21:00,06:21:00
"LAMBERT AIRPORT TERMINAL #1","WELLSTON METROLINK STATION",15,05:27:00,05:27:00
"LAMBERT AIRPORT TERMINAL #1","WELLSTON METROLINK STATION",22,06:01:00,06:01:00
"LAMBERT AIRPORT TERMINAL #1","WELLSTON METROLINK STATION",15,04:44:00,04:44:00
"LAMBERT AIRPORT TERMINAL #1","WELLSTON METROLINK STATION",15,05:07:00,05:07:00
"FAIRVIEW HEIGHTS","WELLSTON METROLINK STATION",7,24:23:00,24:23:00
"SHILOH SCOTT","WELLSTON METROLINK STATION",7,21:42:00,21:42:00
"LAMBERT AIRPORT TERMINAL #1","WELLSTON METROLINK STATION",22,11:41:00,11:41:00
"SHILOH SCOTT","WELLSTON METROLINK STATION",7,22:02:00,22:02:00
"LAMBERT AIRPORT TERMINAL #1","WELLSTON METROLINK STATION",22,11:21:00,11:21:00
"LAMBERT AIRPORT TERMINAL #1","WELLSTON METROLINK STATION",22,17:27:00,17:27:00
"LAMBERT AIRPORT TERMINAL #1","WELLSTON METROLINK STATION",22,17:15:00,17:15:00
"LAMBERT AIRPORT TERMINAL #1","WELLSTON METROLINK STATION",22,16:15:00,16:15:00
"LAMBERT AIRPORT TERMINAL #1","WELLSTON METROLINK STATION",22,16:03:00,16:03:00
"LAMBERT AIRPORT TERMINAL #1","WELLSTON METROLINK STATION",22,15:51:00,15:51:00
"LAMBERT AIRPORT TERMINAL #1","WELLSTON METROLINK STATION",22,15:39:00,15:39:00
"LAMBERT AIRPORT TERMINAL #1","WELLSTON METROLINK STATION",22,17:03:00,17:03:00
"LAMBERT AIRPORT TERMINAL #1","WELLSTON METROLINK STATION",22,16:51:00,16:51:00
"LAMBERT AIRPORT TERMINAL #1","WELLSTON METROLINK STATION",22,16:39:00,16:39:00
"LAMBERT AIRPORT TERMINAL #1","WELLSTON METROLINK STATION",22,16:27:00,16:27:00
"LAMBERT AIRPORT TERMINAL #1","WELLSTON METROLINK STATION",22,08:21:00,08:21:00
"SHILOH SCOTT","WELLSTON METROLINK STATION",7,19:42:00,19:42:00
"SHILOH SCOTT","WELLSTON METROLINK STATION",7,12:22:00,12:22:00
"LAMBERT AIRPORT TERMINAL #1","WELLSTON METROLINK STATION",22,17:51:00,17:51:00
"SHILOH SCOTT","WELLSTON METROLINK STATION",7,15:04:00,15:04:00
"SHILOH SCOTT","WELLSTON METROLINK STATION",7,14:02:00,14:02:00
"SHILOH SCOTT","WELLSTON METROLINK STATION",7,13:42:00,13:42:00
"SHILOH SCOTT","WELLSTON METROLINK STATION",7,13:02:00,13:02:00
"LAMBERT AIRPORT TERMINAL #1","WELLSTON METROLINK STATION",22,22:21:00,22:21:00
"LAMBERT AIRPORT TERMINAL #1","WELLSTON METROLINK STATION",22,22:01:00,22:01:00
"LAMBERT AIRPORT TERMINAL #1","WELLSTON METROLINK STATION",22,21:41:00,21:41:00
"LAMBERT AIRPORT TERMINAL #1","WELLSTON METROLINK STATION",22,21:21:00,21:21:00
"LAMBERT AIRPORT TERMINAL #1","WELLSTON METROLINK STATION",22,16:01:00,16:01:00
"LAMBERT AIRPORT TERMINAL #1","WELLSTON METROLINK STATION",5,03:58:00,03:58:00
"LAMBERT AIRPORT TERMINAL #1","WELLSTON METROLINK STATION",22,05:52:00,05:52:00
"SHILOH SCOTT","WELLSTON METROLINK STATION",7,13:22:00,13:22:00
"LAMBERT AIRPORT TERMINAL #1","WELLSTON METROLINK STATION",22,11:01:00,11:01:00
"LAMBERT AIRPORT TERMINAL #1","WELLSTON METROLINK STATION",22,15:21:00,15:21:00
"LAMBERT AIRPORT TERMINAL #1","WELLSTON METROLINK STATION",22,15:01:00,15:01:00
"LAMBERT AIRPORT TERMINAL #1","WELLSTON METROLINK STATION",22,21:21:00,21:21:00
"SHILOH SCOTT","WELLSTON METROLINK STATION",7,05:58:00,05:58:00
"SHILOH SCOTT","WELLSTON METROLINK STATION",7,07:22:00,07:22:00
"SHILOH SCOTT","WELLSTON METROLINK STATION",7,17:02:00,17:02:00
"SHILOH SCOTT","WELLSTON METROLINK STATION",7,06:42:00,06:42:00
"SHILOH SCOTT","WELLSTON METROLINK STATION",7,05:22:00,05:22:00
"LAMBERT AIRPORT TERMINAL #1","WELLSTON METROLINK STATION",22,09:41:00,09:41:00
"LAMBERT AIRPORT TERMINAL #1","WELLSTON METROLINK STATION",22,09:21:00,09:21:00
"SHILOH SCOTT","WELLSTON METROLINK STATION",7,17:42:00,17:42:00
"LAMBERT AIRPORT TERMINAL #1","WELLSTON METROLINK STATION",22,14:01:00,14:01:00
"LAMBERT AIRPORT TERMINAL #1","WELLSTON METROLINK STATION",22,14:21:00,14:21:00
"LAMBERT AIRPORT TERMINAL #1","WELLSTON METROLINK STATION",22,14:41:00,14:41:00
"LAMBERT AIRPORT TERMINAL #1","WELLSTON METROLINK STATION",22,15:01:00,15:01:00
"LAMBERT AIRPORT TERMINAL #1","WELLSTON METROLINK STATION",22,15:21:00,15:21:00
"SHILOH SCOTT","WELLSTON METROLINK STATION",7,07:42:00,07:42:00
"LAMBERT AIRPORT TERMINAL #1","WELLSTON METROLINK STATION",5,06:08:00,06:08:00
"LAMBERT AIRPORT TERMINAL #1","WELLSTON METROLINK STATION",15,15:24:00,15:24:00
"LAMBERT AIRPORT TERMINAL #1","WELLSTON METROLINK STATION",5,14:45:00,14:45:00
"SHILOH SCOTT","WELLSTON METROLINK STATION",7,07:02:00,07:02:00
"SHILOH SCOTT","WELLSTON METROLINK STATION",7,09:23:00,09:23:00
"SHILOH SCOTT","WELLSTON METROLINK STATION",7,09:42:00,09:42:00
"SHILOH SCOTT","WELLSTON METROLINK STATION",7,09:03:00,09:03:00
"FAIRVIEW HEIGHTS","WELLSTON METROLINK STATION",7,24:23:00,24:23:00
"LAMBERT AIRPORT TERMINAL #1","WELLSTON METROLINK STATION",22,18:37:00,18:37:00
"LAMBERT AIRPORT TERMINAL #1","WELLSTON METROLINK STATION",5,04:21:00,04:21:00
"SHILOH SCOTT","WELLSTON METROLINK STATION",7,08:42:00,08:42:00
"LAMBERT AIRPORT TERMINAL #1","WELLSTON METROLINK STATION",22,15:41:00,15:41:00
"LAMBERT AIRPORT TERMINAL #1","WELLSTON METROLINK STATION",22,12:01:00,12:01:00
"SHILOH SCOTT","WELLSTON METROLINK STATION",7,13:22:00,13:22:00
"SHILOH SCOTT","WELLSTON METROLINK STATION",7,13:42:00,13:42:00
"SHILOH SCOTT","WELLSTON METROLINK STATION",7,06:42:00,06:42:00
"LAMBERT AIRPORT TERMINAL #1","WELLSTON METROLINK STATION",22,16:01:00,16:01:00
"SHILOH SCOTT","WELLSTON METROLINK STATION",7,18:22:00,18:22:00
"SHILOH SCOTT","WELLSTON METROLINK STATION",7,18:02:00,18:02:00
"SHILOH SCOTT","WELLSTON METROLINK STATION",7,18:42:00,18:42:00
"LAMBERT AIRPORT TERMINAL #1","WELLSTON METROLINK STATION",22,21:01:00,21:01:00
"LAMBERT AIRPORT TERMINAL #1","WELLSTON METROLINK STATION",15,04:40:00,04:40:00
"LAMBERT AIRPORT TERMINAL #1","WELLSTON METROLINK STATION",22,13:21:00,13:21:00
"LAMBERT AIRPORT TERMINAL #1","WELLSTON METROLINK STATION",22,12:01:00,12:01:00
"SHILOH SCOTT","WELLSTON METROLINK STATION",7,16:02:00,16:02:00
"LAMBERT AIRPORT TERMINAL #1","WELLSTON METROLINK STATION",15,05:47:00,05:47:00
"SHILOH SCOTT","WELLSTON METROLINK STATION",7,15:42:00,15:42:00
"LAMBERT AIRPORT TERMINAL #1","WELLSTON METROLINK STATION",22,15:39:00,15:39:00
"LAMBERT AIRPORT TERMINAL #1","WELLSTON METROLINK STATION",22,12:01:00,12:01:00
"LAMBERT AIRPORT TERMINAL #1","WELLSTON METROLINK STATION",22,18:01:00,18:01:00
"LAMBERT AIRPORT TERMINAL #1","WELLSTON METROLINK STATION",22,24:37:00,24:37:00
"FAIRVIEW HEIGHTS","WELLSTON METROLINK STATION",7,23:56:00,23:56:00
"SHILOH SCOTT","WELLSTON METROLINK STATION",7,22:22:00,22:22:00
"SHILOH SCOTT","WELLSTON METROLINK STATION",7,21:22:00,21:22:00
"LAMBERT AIRPORT TERMINAL #1","WELLSTON METROLINK STATION",22,07:21:00,07:21:00
"LAMBERT AIRPORT TERMINAL #1","WELLSTON METROLINK STATION",22,09:03:00,09:03:00
"SHILOH SCOTT","WELLSTON METROLINK STATION",7,19:02:00,19:02:00
"SHILOH SCOTT","WELLSTON METROLINK STATION",7,16:02:00,16:02:00
"FAIRVIEW HEIGHTS","WELLSTON METROLINK STATION",7,23:56:00,23:56:00
"CIVIC CENTER","WELLSTON METROLINK STATION",7,24:42:00,24:42:00
"SHILOH SCOTT","WELLSTON METROLINK STATION",7,15:04:00,15:04:00
"SHILOH SCOTT","WELLSTON METROLINK STATION",7,14:43:00,14:43:00
"SHILOH SCOTT","WELLSTON METROLINK STATION",7,14:22:00,14:22:00
"SHILOH SCOTT","WELLSTON METROLINK STATION",7,14:02:00,14:02:00
"SHILOH SCOTT","WELLSTON METROLINK STATION",7,13:42:00,13:42:00
"SHILOH SCOTT","WELLSTON METROLINK STATION",7,13:22:00,13:22:00
"SHILOH SCOTT","WELLSTON METROLINK STATION",7,17:22:00,17:22:00
"SHILOH SCOTT","WELLSTON METROLINK STATION",7,06:22:00,06:22:00
"CIVIC CENTER","WELLSTON METROLINK STATION",7,24:42:00,24:42:00
"SHILOH SCOTT","WELLSTON METROLINK STATION",7,18:23:00,18:23:00
"SHILOH SCOTT","WELLSTON METROLINK STATION",7,19:22:00,19:22:00
"LAMBERT AIRPORT TERMINAL #1","WELLSTON METROLINK STATION",15,05:07:00,05:07:00
"SHILOH SCOTT","WELLSTON METROLINK STATION",7,15:22:00,15:22:00
"SHILOH SCOTT","WELLSTON METROLINK STATION",7,12:42:00,12:42:00
"LAMBERT AIRPORT TERMINAL #1","WELLSTON METROLINK STATION",22,24:02:00,24:02:00
"LAMBERT AIRPORT TERMINAL #1","WELLSTON METROLINK STATION",22,21:41:00,21:41:00
"LAMBERT AIRPORT TERMINAL #1","WELLSTON METROLINK STATION",22,11:41:00,11:41:00
"SHILOH SCOTT","WELLSTON METROLINK STATION",7,10:22:00,10:22:00
"SHILOH SCOTT","WELLSTON METROLINK STATION",7,14:02:00,14:02:00
"LAMBERT AIRPORT TERMINAL #1","WELLSTON METROLINK STATION",22,08:41:00,08:41:00
"LAMBERT AIRPORT TERMINAL #1","WELLSTON METROLINK STATION",22,08:21:00,08:21:00
"SHILOH SCOTT","WELLSTON METROLINK STATION",7,16:22:00,16:22:00
"SHILOH SCOTT","WELLSTON METROLINK STATION",7,05:58:00,05:58:00
"SHILOH SCOTT","WELLSTON METROLINK STATION",7,06:23:00,06:23:00
"SHILOH SCOTT","WELLSTON METROLINK STATION",7,06:10:00,06:10:00
"LAMBERT AIRPORT TERMINAL #1","WELLSTON METROLINK STATION",22,10:21:00,10:21:00
"SHILOH SCOTT","WELLSTON METROLINK STATION",7,18:23:00,18:23:00
"FAIRVIEW HEIGHTS","WELLSTON METROLINK STATION",7,23:36:00,23:36:00
"CIVIC CENTER","WELLSTON METROLINK STATION",7,24:42:00,24:42:00
"LAMBERT AIRPORT TERMINAL #1","WELLSTON METROLINK STATION",15,04:40:00,04:40:00
"LAMBERT AIRPORT TERMINAL #1","WELLSTON METROLINK STATION",22,06:51:00,06:51:00
"LAMBERT AIRPORT TERMINAL #1","WELLSTON METROLINK STATION",22,07:03:00,07:03:00
"SHILOH SCOTT","WELLSTON METROLINK STATION",7,22:42:00,22:42:00
"SHILOH SCOTT","WELLSTON METROLINK STATION",7,13:02:00,13:02:00
"LAMBERT AIRPORT TERMINAL #1","WELLSTON METROLINK STATION",22,17:01:00,17:01:00
"LAMBERT AIRPORT TERMINAL #1","WELLSTON METROLINK STATION",22,10:21:00,10:21:00
"SHILOH SCOTT","WELLSTON METROLINK STATION",7,23:26:00,23:26:00
"SHILOH SCOTT","WELLSTON METROLINK STATION",7,19:42:00,19:42:00
"LAMBERT AIRPORT TERMINAL #1","WELLSTON METROLINK STATION",22,17:21:00,17:21:00
"LAMBERT AIRPORT TERMINAL #1","WELLSTON METROLINK STATION",22,17:41:00,17:41:00
"LAMBERT AIRPORT TERMINAL #1","WELLSTON METROLINK STATION",15,04:44:00,04:44:00
"LAMBERT AIRPORT TERMINAL #1","WELLSTON METROLINK STATION",15,05:07:00,05:07:00
"SHILOH SCOTT","WELLSTON METROLINK STATION",7,18:42:00,18:42:00
"SHILOH SCOTT","WELLSTON METROLINK STATION",7,16:22:00,16:22:00
"SHILOH SCOTT","WELLSTON METROLINK STATION",7,15:42:00,15:42:00
"SHILOH SCOTT","WELLSTON METROLINK STATION",7,11:22:00,11:22:00
"SHILOH SCOTT","WELLSTON METROLINK STATION",7,15:02:00,15:02:00
"SHILOH SCOTT","WELLSTON METROLINK STATION",7,15:22:00,15:22:00
"SHILOH SCOTT","WELLSTON METROLINK STATION",7,16:02:00,16:02:00
"LAMBERT AIRPORT TERMINAL #1","WELLSTON METROLINK STATION",15,05:47:00,05:47:00
"LAMBERT AIRPORT TERMINAL #1","WELLSTON METROLINK STATION",22,21:41:00,21:41:00
"LAMBERT AIRPORT TERMINAL #1","WELLSTON METROLINK STATION",22,14:21:00,14:21:00
"LAMBERT AIRPORT TERMINAL #1","WELLSTON METROLINK STATION",22,16:15:00,16:15:00
"LAMBERT AIRPORT TERMINAL #1","WELLSTON METROLINK STATION",22,16:27:00,16:27:00
"LAMBERT AIRPORT TERMINAL #1","WELLSTON METROLINK STATION",22,16:39:00,16:39:00
"LAMBERT AIRPORT TERMINAL #1","WELLSTON METROLINK STATION",22,16:51:00,16:51:00
"LAMBERT AIRPORT TERMINAL #1","WELLSTON METROLINK STATION",22,15:51:00,15:51:00
"LAMBERT AIRPORT TERMINAL #1","WELLSTON METROLINK STATION",22,16:03:00,16:03:00
"LAMBERT AIRPORT TERMINAL #1","WELLSTON METROLINK STATION",22,20:41:00,20:41:00
"LAMBERT AIRPORT TERMINAL #1","WELLSTON METROLINK STATION",22,17:15:00,17:15:00
"LAMBERT AIRPORT TERMINAL #1","WELLSTON METROLINK STATION",22,13:41:00,13:41:00
"SHILOH SCOTT","WELLSTON METROLINK STATION",7,13:42:00,13:42:00
"SHILOH SCOTT","WELLSTON METROLINK STATION",7,17:02:00,17:02:00
"SHILOH SCOTT","WELLSTON METROLINK STATION",7,20:22:00,20:22:00
"LAMBERT AIRPORT TERMINAL #1","WELLSTON METROLINK STATION",22,09:41:00,09:41:00
"LAMBERT AIRPORT TERMINAL #1","WELLSTON METROLINK STATION",22,15:14:00,15:14:00
"SHILOH SCOTT","WELLSTON METROLINK STATION",7,21:42:00,21:42:00
"LAMBERT AIRPORT TERMINAL #1","WELLSTON METROLINK STATION",22,07:01:00,07:01:00
"LAMBERT AIRPORT TERMINAL #1","WELLSTON METROLINK STATION",22,21:21:00,21:21:00
"LAMBERT AIRPORT TERMINAL #1","WELLSTON METROLINK STATION",22,06:41:00,06:41:00
"LAMBERT AIRPORT TERMINAL #1","WELLSTON METROLINK STATION",22,11:21:00,11:21:00
"LAMBERT AIRPORT TERMINAL #1","WELLSTON METROLINK STATION",5,06:08:00,06:08:00
"LAMBERT AIRPORT TERMINAL #1","WELLSTON METROLINK STATION",15,15:24:00,15:24:00
"LAMBERT AIRPORT TERMINAL #1","WELLSTON METROLINK STATION",22,12:41:00,12:41:00
"LAMBERT AIRPORT TERMINAL #1","WELLSTON METROLINK STATION",22,13:01:00,13:01:00
"SHILOH SCOTT","WELLSTON METROLINK STATION",7,11:02:00,11:02:00
"SHILOH SCOTT","WELLSTON METROLINK STATION",7,20:42:00,20:42:00
"SHILOH SCOTT","WELLSTON METROLINK STATION",7,21:02:00,21:02:00
"LAMBERT AIRPORT TERMINAL #1","WELLSTON METROLINK STATION",22,08:41:00,08:41:00
"LAMBERT AIRPORT TERMINAL #1","WELLSTON METROLINK STATION",22,07:41:00,07:41:00
"LAMBERT AIRPORT TERMINAL #1","WELLSTON METROLINK STATION",22,23:01:00,23:01:00
"LAMBERT AIRPORT TERMINAL #1","WELLSTON METROLINK STATION",22,08:01:00,08:01:00
"SHILOH SCOTT","WELLSTON METROLINK STATION",7,17:42:00,17:42:00
"SHILOH SCOTT","WELLSTON METROLINK STATION",7,17:22:00,17:22:00
"SHILOH SCOTT","WELLSTON METROLINK STATION",7,06:22:00,06:22:00
"FAIRVIEW HEIGHTS","WELLSTON METROLINK STATION",7,23:36:00,23:36:00
"SHILOH SCOTT","WELLSTON METROLINK STATION",7,06:02:00,06:02:00
"LAMBERT AIRPORT TERMINAL #1","WELLSTON METROLINK STATION",22,24:37:00,24:37:00
"LAMBERT AIRPORT TERMINAL #1","WELLSTON METROLINK STATION",22,16:41:00,16:41:00
"LAMBERT AIRPORT TERMINAL #1","WELLSTON METROLINK STATION",22,24:37:00,24:37:00
"LAMBERT AIRPORT TERMINAL #1","WELLSTON METROLINK STATION",22,18:01:00,18:01:00
"SHILOH SCOTT","WELLSTON METROLINK STATION",7,17:34:00,17:34:00
"SHILOH SCOTT","WELLSTON METROLINK STATION",7,17:22:00,17:22:00
"LAMBERT AIRPORT TERMINAL #1","WELLSTON METROLINK STATION",22,10:21:00,10:21:00
"LAMBERT AIRPORT TERMINAL #1","WELLSTON METROLINK STATION",22,10:41:00,10:41:00
"SHILOH SCOTT","WELLSTON METROLINK STATION",7,16:22:00,16:22:00
"SHILOH SCOTT","WELLSTON METROLINK STATION",7,15:58:00,15:58:00
"SHILOH SCOTT","WELLSTON METROLINK STATION",7,15:46:00,15:46:00
"SHILOH SCOTT","WELLSTON METROLINK STATION",7,17:10:00,17:10:00
"SHILOH SCOTT","WELLSTON METROLINK STATION",7,16:58:00,16:58:00
"SHILOH SCOTT","WELLSTON METROLINK STATION",7,16:46:00,16:46:00
"LAMBERT AIRPORT TERMINAL #1","WELLSTON METROLINK STATION",22,23:01:00,23:01:00
"LAMBERT AIRPORT TERMINAL #1","WELLSTON METROLINK STATION",22,23:21:00,23:21:00
"LAMBERT AIRPORT TERMINAL #1","WELLSTON METROLINK STATION",22,23:40:00,23:40:00
"LAMBERT AIRPORT TERMINAL #1","WELLSTON METROLINK STATION",22,24:02:00,24:02:00
"LAMBERT AIRPORT TERMINAL #1","WELLSTON METROLINK STATION",5,03:58:00,03:58:00
"LAMBERT AIRPORT TERMINAL #1","WELLSTON METROLINK STATION",5,04:21:00,04:21:00
"LAMBERT AIRPORT TERMINAL #1","WELLSTON METROLINK STATION",22,18:37:00,18:37:00
"SHILOH SCOTT","WELLSTON METROLINK STATION",7,07:42:00,07:42:00
"SHILOH SCOTT","WELLSTON METROLINK STATION",7,07:22:00,07:22:00
"SHILOH SCOTT","WELLSTON METROLINK STATION",7,04:36:00,04:36:00
"SHILOH SCOTT","WELLSTON METROLINK STATION",7,04:56:00,04:56:00
"SHILOH SCOTT","WELLSTON METROLINK STATION",7,12:42:00,12:42:00
"LAMBERT AIRPORT TERMINAL #1","WELLSTON METROLINK STATION",22,14:41:00,14:41:00
"LAMBERT AIRPORT TERMINAL #1","WELLSTON METROLINK STATION",22,13:01:00,13:01:00
"LAMBERT AIRPORT TERMINAL #1","WELLSTON METROLINK STATION",22,13:21:00,13:21:00
"LAMBERT AIRPORT TERMINAL #1","WELLSTON METROLINK STATION",22,13:41:00,13:41:00
"LAMBERT AIRPORT TERMINAL #1","WELLSTON METROLINK STATION",22,14:01:00,14:01:00
"LAMBERT AIRPORT TERMINAL #1","WELLSTON METROLINK STATION",22,14:59:00,14:59:00
"LAMBERT AIRPORT TERMINAL #1","WELLSTON METROLINK STATION",22,15:14:00,15:14:00
"LAMBERT AIRPORT TERMINAL #1","WELLSTON METROLINK STATION",22,08:03:00,08:03:00
"SHILOH SCOTT","WELLSTON METROLINK STATION",7,17:42:00,17:42:00
"SHILOH SCOTT","WELLSTON METROLINK STATION",7,17:22:00,17:22:00
"LAMBERT AIRPORT TERMINAL #1","WELLSTON METROLINK STATION",22,18:21:00,18:21:00
"SHILOH SCOTT","WELLSTON METROLINK STATION",7,09:23:00,09:23:00
"SHILOH SCOTT","WELLSTON METROLINK STATION",7,09:03:00,09:03:00
"LAMBERT AIRPORT TERMINAL #1","WELLSTON METROLINK STATION",22,20:21:00,20:21:00
"SHILOH SCOTT","WELLSTON METROLINK STATION",7,05:42:00,05:42:00
"SHILOH SCOTT","WELLSTON METROLINK STATION",7,07:02:00,07:02:00
"SHILOH SCOTT","WELLSTON METROLINK STATION",7,12:42:00,12:42:00
"LAMBERT AIRPORT TERMINAL #1","WELLSTON METROLINK STATION",22,08:41:00,08:41:00
"LAMBERT AIRPORT TERMINAL #1","WELLSTON METROLINK STATION",22,07:21:00,07:21:00
"SHILOH SCOTT","WELLSTON METROLINK STATION",7,05:42:00,05:42:00
"LAMBERT AIRPORT TERMINAL #1","WELLSTON METROLINK STATION",22,19:21:00,19:21:00
"SHILOH SCOTT","WELLSTON METROLINK STATION",7,16:22:00,16:22:00
"LAMBERT AIRPORT TERMINAL #1","WELLSTON METROLINK STATION",22,13:01:00,13:01:00
"LAMBERT AIRPORT TERMINAL #1","WELLSTON METROLINK STATION",22,13:41:00,13:41:00
"LAMBERT AIRPORT TERMINAL #1","WELLSTON METROLINK STATION",22,09:21:00,09:21:00
"LAMBERT AIRPORT TERMINAL #1","WELLSTON METROLINK STATION",22,09:01:00,09:01:00
"LAMBERT AIRPORT TERMINAL #1","WELLSTON METROLINK STATION",22,09:21:00,09:21:00
"LAMBERT AIRPORT TERMINAL #1","WELLSTON METROLINK STATION",22,06:21:00,06:21:00
"SHILOH SCOTT","WELLSTON METROLINK STATION",7,15:22:00,15:22:00
"SHILOH SCOTT","WELLSTON METROLINK STATION",7,21:42:00,21:42:00
"SHILOH SCOTT","WELLSTON METROLINK STATION",7,21:22:00,21:22:00
"SHILOH SCOTT","WELLSTON METROLINK STATION",7,21:02:00,21:02:00
"SHILOH SCOTT","WELLSTON METROLINK STATION",7,15:46:00,15:46:00
"SHILOH SCOTT","WELLSTON METROLINK STATION",7,15:34:00,15:34:00
"LAMBERT AIRPORT TERMINAL #1","WELLSTON METROLINK STATION",22,08:21:00,08:21:00
"LAMBERT AIRPORT TERMINAL #1","WELLSTON METROLINK STATION",22,23:40:00,23:40:00
"SHILOH SCOTT","WELLSTON METROLINK STATION",7,14:02:00,14:02:00
"SHILOH SCOTT","WELLSTON METROLINK STATION",7,21:02:00,21:02:00
"LAMBERT AIRPORT TERMINAL #1","WELLSTON METROLINK STATION",15,05:27:00,05:27:00
"SHILOH SCOTT","WELLSTON METROLINK STATION",7,17:02:00,17:02:00
"LAMBERT AIRPORT TERMINAL #1","WELLSTON METROLINK STATION",22,09:21:00,09:21:00
"SHILOH SCOTT","WELLSTON METROLINK STATION",7,21:42:00,21:42:00
"LAMBERT AIRPORT TERMINAL #1","WELLSTON METROLINK STATION",22,09:01:00,09:01:00
"SHILOH SCOTT","WELLSTON METROLINK STATION",7,21:02:00,21:02:00
"SHILOH SCOTT","WELLSTON METROLINK STATION",7,21:22:00,21:22:00
"LAMBERT AIRPORT TERMINAL #1","WELLSTON METROLINK STATION",22,14:59:00,14:59:00
"LAMBERT AIRPORT TERMINAL #1","WELLSTON METROLINK STATION",22,14:41:00,14:41:00
"LAMBERT AIRPORT TERMINAL #1","WELLSTON METROLINK STATION",22,14:21:00,14:21:00
"LAMBERT AIRPORT TERMINAL #1","WELLSTON METROLINK STATION",22,14:01:00,14:01:00
"LAMBERT AIRPORT TERMINAL #1","WELLSTON METROLINK STATION",22,13:41:00,13:41:00
"SHILOH SCOTT","WELLSTON METROLINK STATION",7,12:22:00,12:22:00
"SHILOH SCOTT","WELLSTON METROLINK STATION",7,11:02:00,11:02:00
"SHILOH SCOTT","WELLSTON METROLINK STATION",7,10:42:00,10:42:00
"LAMBERT AIRPORT TERMINAL #1","WELLSTON METROLINK STATION",22,06:27:00,06:27:00
"LAMBERT AIRPORT TERMINAL #1","WELLSTON METROLINK STATION",22,06:39:00,06:39:00
"LAMBERT AIRPORT TERMINAL #1","WELLSTON METROLINK STATION",22,24:37:00,24:37:00
"SHILOH SCOTT","WELLSTON METROLINK STATION",7,09:42:00,09:42:00
"SHILOH SCOTT","WELLSTON METROLINK STATION",7,10:02:00,10:02:00
"SHILOH SCOTT","WELLSTON METROLINK STATION",7,19:22:00,19:22:00
"SHILOH SCOTT","WELLSTON METROLINK STATION",7,22:02:00,22:02:00
"SHILOH SCOTT","WELLSTON METROLINK STATION",7,22:22:00,22:22:00
"SHILOH SCOTT","WELLSTON METROLINK STATION",7,22:42:00,22:42:00
"LAMBERT AIRPORT TERMINAL #1","WELLSTON METROLINK STATION",15,05:07:00,05:07:00
GRAND,"WELLSTON METROLINK STATION",7,09:09:00,09:09:00
"SHILOH SCOTT","WELLSTON METROLINK STATION",7,20:42:00,20:42:00
"SHILOH SCOTT","WELLSTON METROLINK STATION",7,21:02:00,21:02:00
GRAND,"WELLSTON METROLINK STATION",7,09:28:00,09:28:00
"LAMBERT AIRPORT TERMINAL #1","WELLSTON METROLINK STATION",22,19:41:00,19:41:00
"LAMBERT AIRPORT TERMINAL #1","WELLSTON METROLINK STATION",22,19:21:00,19:21:00
"LAMBERT AIRPORT TERMINAL #1","WELLSTON METROLINK STATION",22,19:01:00,19:01:00
"LAMBERT AIRPORT TERMINAL #1","WELLSTON METROLINK STATION",22,18:41:00,18:41:00
"SHILOH SCOTT","WELLSTON METROLINK STATION",7,21:22:00,21:22:00
"LAMBERT AIRPORT TERMINAL #1","WELLSTON METROLINK STATION",22,20:01:00,20:01:00
"SHILOH SCOTT","WELLSTON METROLINK STATION",7,15:34:00,15:34:00
"LAMBERT AIRPORT TERMINAL #1","WELLSTON METROLINK STATION",22,21:41:00,21:41:00
"LAMBERT AIRPORT TERMINAL #1","WELLSTON METROLINK STATION",22,21:01:00,21:01:00
"LAMBERT AIRPORT TERMINAL #1","WELLSTON METROLINK STATION",22,11:21:00,11:21:00
"SHILOH SCOTT","WELLSTON METROLINK STATION",7,14:42:00,14:42:00
"LAMBERT AIRPORT TERMINAL #1","WELLSTON METROLINK STATION",22,20:41:00,20:41:00
"LAMBERT AIRPORT TERMINAL #1","WELLSTON METROLINK STATION",22,20:41:00,20:41:00
"LAMBERT AIRPORT TERMINAL #1","WELLSTON METROLINK STATION",15,05:47:00,05:47:00
"LAMBERT AIRPORT TERMINAL #1","WELLSTON METROLINK STATION",22,20:01:00,20:01:00
"SHILOH SCOTT","WELLSTON METROLINK STATION",7,12:22:00,12:22:00
"LAMBERT AIRPORT TERMINAL #1","WELLSTON METROLINK STATION",22,06:27:00,06:27:00
"LAMBERT AIRPORT TERMINAL #1","WELLSTON METROLINK STATION",22,06:39:00,06:39:00
"LAMBERT AIRPORT TERMINAL #1","WELLSTON METROLINK STATION",22,06:51:00,06:51:00
"SHILOH SCOTT","WELLSTON METROLINK STATION",7,09:02:00,09:02:00
"LAMBERT AIRPORT TERMINAL #1","WELLSTON METROLINK STATION",22,24:02:00,24:02:00
"LAMBERT AIRPORT TERMINAL #1","WELLSTON METROLINK STATION",22,23:40:00,23:40:00
"FAIRVIEW HEIGHTS","WELLSTON METROLINK STATION",7,24:23:00,24:23:00
"FAIRVIEW HEIGHTS","WELLSTON METROLINK STATION",7,23:56:00,23:56:00
"SHILOH SCOTT","WELLSTON METROLINK STATION",7,05:22:00,05:22:00
"LAMBERT AIRPORT TERMINAL #1","WELLSTON METROLINK STATION",22,13:21:00,13:21:00
"LAMBERT AIRPORT TERMINAL #1","WELLSTON METROLINK STATION",22,23:21:00,23:21:00
"SHILOH SCOTT","WELLSTON METROLINK STATION",7,16:02:00,16:02:00
"FAIRVIEW HEIGHTS","WELLSTON METROLINK STATION",7,23:56:00,23:56:00
"SHILOH SCOTT","WELLSTON METROLINK STATION",7,15:42:00,15:42:00
"SHILOH SCOTT","WELLSTON METROLINK STATION",7,11:22:00,11:22:00
"SHILOH SCOTT","WELLSTON METROLINK STATION",7,06:22:00,06:22:00
"FAIRVIEW HEIGHTS","WELLSTON METROLINK STATION",7,24:23:00,24:23:00
"LAMBERT AIRPORT TERMINAL #1","WELLSTON METROLINK STATION",22,14:41:00,14:41:00
"LAMBERT AIRPORT TERMINAL #1","WELLSTON METROLINK STATION",22,14:21:00,14:21:00
"SHILOH SCOTT","WELLSTON METROLINK STATION",7,05:16:00,05:16:00
"SHILOH SCOTT","WELLSTON METROLINK STATION",7,04:56:00,04:56:00
"SHILOH SCOTT","WELLSTON METROLINK STATION",7,04:36:00,04:36:00
"SHILOH SCOTT","WELLSTON METROLINK STATION",7,12:42:00,12:42:00
"SHILOH SCOTT","WELLSTON METROLINK STATION",7,22:02:00,22:02:00
"SHILOH SCOTT","WELLSTON METROLINK STATION",7,22:22:00,22:22:00
"SHILOH SCOTT","WELLSTON METROLINK STATION",7,22:42:00,22:42:00
"LAMBERT AIRPORT TERMINAL #1","WELLSTON METROLINK STATION",22,15:21:00,15:21:00
"LAMBERT AIRPORT TERMINAL #1","WELLSTON METROLINK STATION",22,20:01:00,20:01:00
"LAMBERT AIRPORT TERMINAL #1","WELLSTON METROLINK STATION",22,17:01:00,17:01:00
"LAMBERT AIRPORT TERMINAL #1","WELLSTON METROLINK STATION",22,17:21:00,17:21:00
"LAMBERT AIRPORT TERMINAL #1","WELLSTON METROLINK STATION",22,17:41:00,17:41:00
"LAMBERT AIRPORT TERMINAL #1","WELLSTON METROLINK STATION",15,04:44:00,04:44:00
"LAMBERT AIRPORT TERMINAL #1","WELLSTON METROLINK STATION",22,19:41:00,19:41:00
"LAMBERT AIRPORT TERMINAL #1","WELLSTON METROLINK STATION",22,18:41:00,18:41:00
"LAMBERT AIRPORT TERMINAL #1","WELLSTON METROLINK STATION",22,19:01:00,19:01:00
"SHILOH SCOTT","WELLSTON METROLINK STATION",7,13:22:00,13:22:00
"SHILOH SCOTT","WELLSTON METROLINK STATION",7,13:42:00,13:42:00
"SHILOH SCOTT","WELLSTON METROLINK STATION",7,17:02:00,17:02:00
"SHILOH SCOTT","WELLSTON METROLINK STATION",7,06:42:00,06:42:00
"SHILOH SCOTT","WELLSTON METROLINK STATION",7,07:02:00,07:02:00
"LAMBERT AIRPORT TERMINAL #1","WELLSTON METROLINK STATION",22,18:01:00,18:01:00
"LAMBERT AIRPORT TERMINAL #1","WELLSTON METROLINK STATION",22,24:37:00,24:37:00
"LAMBERT AIRPORT TERMINAL #1","WELLSTON METROLINK STATION",22,23:40:00,23:40:00
"SHILOH SCOTT","WELLSTON METROLINK STATION",7,10:22:00,10:22:00
"SHILOH SCOTT","WELLSTON METROLINK STATION",7,16:42:00,16:42:00
"SHILOH SCOTT","WELLSTON METROLINK STATION",7,16:22:00,16:22:00
"SHILOH SCOTT","WELLSTON METROLINK STATION",7,07:10:00,07:10:00
"SHILOH SCOTT","WELLSTON METROLINK STATION",7,11:22:00,11:22:00
"SHILOH SCOTT","WELLSTON METROLINK STATION",7,10:02:00,10:02:00
"SHILOH SCOTT","WELLSTON METROLINK STATION",7,08:34:00,08:34:00
"SHILOH SCOTT","WELLSTON METROLINK STATION",7,07:02:00,07:02:00
"SHILOH SCOTT","WELLSTON METROLINK STATION",7,07:22:00,07:22:00
"SHILOH SCOTT","WELLSTON METROLINK STATION",7,06:58:00,06:58:00
"SHILOH SCOTT","WELLSTON METROLINK STATION",7,06:46:00,06:46:00
"SHILOH SCOTT","WELLSTON METROLINK STATION",7,08:10:00,08:10:00
"SHILOH SCOTT","WELLSTON METROLINK STATION",7,07:58:00,07:58:00
"SHILOH SCOTT","WELLSTON METROLINK STATION",7,07:46:00,07:46:00
"SHILOH SCOTT","WELLSTON METROLINK STATION",7,20:22:00,20:22:00
"SHILOH SCOTT","WELLSTON METROLINK STATION",7,19:42:00,19:42:00
"SHILOH SCOTT","WELLSTON METROLINK STATION",7,09:22:00,09:22:00
"SHILOH SCOTT","WELLSTON METROLINK STATION",7,10:42:00,10:42:00
"LAMBERT AIRPORT TERMINAL #1","WELLSTON METROLINK STATION",22,23:40:00,23:40:00
"LAMBERT AIRPORT TERMINAL #1","WELLSTON METROLINK STATION",22,07:03:00,07:03:00
"LAMBERT AIRPORT TERMINAL #1","WELLSTON METROLINK STATION",22,19:41:00,19:41:00
"SHILOH SCOTT","WELLSTON METROLINK STATION",7,10:42:00,10:42:00
"SHILOH SCOTT","WELLSTON METROLINK STATION",7,09:22:00,09:22:00
"SHILOH SCOTT","WELLSTON METROLINK STATION",7,20:22:00,20:22:00
"SHILOH SCOTT","WELLSTON METROLINK STATION",7,09:42:00,09:42:00
"LAMBERT AIRPORT TERMINAL #1","WELLSTON METROLINK STATION",22,22:21:00,22:21:00
"SHILOH SCOTT","WELLSTON METROLINK STATION",7,14:42:00,14:42:00
"LAMBERT AIRPORT TERMINAL #1","WELLSTON METROLINK STATION",22,17:03:00,17:03:00
"SHILOH SCOTT","WELLSTON METROLINK STATION",7,13:42:00,13:42:00
"SHILOH SCOTT","WELLSTON METROLINK STATION",7,13:22:00,13:22:00
"SHILOH SCOTT","WELLSTON METROLINK STATION",7,19:22:00,19:22:00
"LAMBERT AIRPORT TERMINAL #1","WELLSTON METROLINK STATION",22,13:01:00,13:01:00
"SHILOH SCOTT","WELLSTON METROLINK STATION",7,18:02:00,18:02:00
"LAMBERT AIRPORT TERMINAL #1","WELLSTON METROLINK STATION",22,23:01:00,23:01:00
"LAMBERT AIRPORT TERMINAL #1","WELLSTON METROLINK STATION",22,23:21:00,23:21:00
"LAMBERT AIRPORT TERMINAL #1","WELLSTON METROLINK STATION",22,22:41:00,22:41:00
"LAMBERT AIRPORT TERMINAL #1","WELLSTON METROLINK STATION",22,14:01:00,14:01:00
"LAMBERT AIRPORT TERMINAL #1","WELLSTON METROLINK STATION",22,13:21:00,13:21:00
"SHILOH SCOTT","WELLSTON METROLINK STATION",7,20:42:00,20:42:00
"SHILOH SCOTT","WELLSTON METROLINK STATION",7,11:02:00,11:02:00
"LAMBERT AIRPORT TERMINAL #1","WELLSTON METROLINK STATION",22,20:21:00,20:21:00
"CIVIC CENTER","WELLSTON METROLINK STATION",7,25:12:00,25:12:00
"SHILOH SCOTT","WELLSTON METROLINK STATION",7,10:02:00,10:02:00
"LAMBERT AIRPORT TERMINAL #1","WELLSTON METROLINK STATION",22,20:41:00,20:41:00
"SHILOH SCOTT","WELLSTON METROLINK STATION",7,09:42:00,09:42:00
"LAMBERT AIRPORT TERMINAL #1","WELLSTON METROLINK STATION",22,07:41:00,07:41:00
"LAMBERT AIRPORT TERMINAL #1","WELLSTON METROLINK STATION",22,07:21:00,07:21:00
"LAMBERT AIRPORT TERMINAL #1","WELLSTON METROLINK STATION",22,07:01:00,07:01:00
"LAMBERT AIRPORT TERMINAL #1","WELLSTON METROLINK STATION",22,06:41:00,06:41:00
"LAMBERT AIRPORT TERMINAL #1","WELLSTON METROLINK STATION",22,08:01:00,08:01:00
"LAMBERT AIRPORT TERMINAL #1","WELLSTON METROLINK STATION",22,08:01:00,08:01:00
"LAMBERT AIRPORT TERMINAL #1","WELLSTON METROLINK STATION",22,07:41:00,07:41:00
"LAMBERT AIRPORT TERMINAL #1","WELLSTON METROLINK STATION",22,07:21:00,07:21:00
"LAMBERT AIRPORT TERMINAL #1","WELLSTON METROLINK STATION",22,07:01:00,07:01:00
"LAMBERT AIRPORT TERMINAL #1","WELLSTON METROLINK STATION",22,06:41:00,06:41:00
"SHILOH SCOTT","WELLSTON METROLINK STATION",7,21:22:00,21:22:00
"LAMBERT AIRPORT TERMINAL #1","WELLSTON METROLINK STATION",22,20:21:00,20:21:00
"LAMBERT AIRPORT TERMINAL #1","WELLSTON METROLINK STATION",22,20:01:00,20:01:00
"LAMBERT AIRPORT TERMINAL #1","WELLSTON METROLINK STATION",22,23:21:00,23:21:00
"LAMBERT AIRPORT TERMINAL #1","WELLSTON METROLINK STATION",22,07:27:00,07:27:00
"SHILOH SCOTT","WELLSTON METROLINK STATION",7,15:22:00,15:22:00
"LAMBERT AIRPORT TERMINAL #1","WELLSTON METROLINK STATION",22,14:41:00,14:41:00
"SHILOH SCOTT","WELLSTON METROLINK STATION",7,16:10:00,16:10:00
"LAMBERT AIRPORT TERMINAL #1","WELLSTON METROLINK STATION",22,24:02:00,24:02:00
"SHILOH SCOTT","WELLSTON METROLINK STATION",7,23:02:00,23:02:00
"LAMBERT AIRPORT TERMINAL #1","WELLSTON METROLINK STATION",22,24:37:00,24:37:00
"SHILOH SCOTT","WELLSTON METROLINK STATION",7,23:26:00,23:26:00
"LAMBERT AIRPORT TERMINAL #1","WELLSTON METROLINK STATION",22,22:41:00,22:41:00
"LAMBERT AIRPORT TERMINAL #1","WELLSTON METROLINK STATION",22,23:21:00,23:21:00
"LAMBERT AIRPORT TERMINAL #1","WELLSTON METROLINK STATION",22,23:01:00,23:01:00
GRAND,"WELLSTON METROLINK STATION",7,09:09:00,09:09:00
"SHILOH SCOTT","WELLSTON METROLINK STATION",7,11:42:00,11:42:00
GRAND,"WELLSTON METROLINK STATION",7,09:28:00,09:28:00
"LAMBERT AIRPORT TERMINAL #1","WELLSTON METROLINK STATION",22,22:21:00,22:21:00
"LAMBERT AIRPORT TERMINAL #1","WELLSTON METROLINK STATION",22,22:01:00,22:01:00
"LAMBERT AIRPORT TERMINAL #1","WELLSTON METROLINK STATION",22,21:01:00,21:01:00
"SHILOH SCOTT","WELLSTON METROLINK STATION",7,13:02:00,13:02:00
"LAMBERT AIRPORT TERMINAL #1","WELLSTON METROLINK STATION",22,13:41:00,13:41:00
"SHILOH SCOTT","WELLSTON METROLINK STATION",7,12:02:00,12:02:00
"LAMBERT AIRPORT TERMINAL #1","WELLSTON METROLINK STATION",22,17:41:00,17:41:00
"LAMBERT AIRPORT TERMINAL #1","WELLSTON METROLINK STATION",22,16:21:00,16:21:00
"LAMBERT AIRPORT TERMINAL #1","WELLSTON METROLINK STATION",22,16:41:00,16:41:00
"LAMBERT AIRPORT TERMINAL #1","WELLSTON METROLINK STATION",22,17:01:00,17:01:00
"LAMBERT AIRPORT TERMINAL #1","WELLSTON METROLINK STATION",22,07:41:00,07:41:00
"LAMBERT AIRPORT TERMINAL #1","WELLSTON METROLINK STATION",22,08:01:00,08:01:00
"SHILOH SCOTT","WELLSTON METROLINK STATION",7,14:22:00,14:22:00
"LAMBERT AIRPORT TERMINAL #1","WELLSTON METROLINK STATION",22,12:01:00,12:01:00
"SHILOH SCOTT","WELLSTON METROLINK STATION",7,14:42:00,14:42:00
"CIVIC CENTER","WELLSTON METROLINK STATION",7,25:12:00,25:12:00
"SHILOH SCOTT","WELLSTON METROLINK STATION",7,21:02:00,21:02:00
"SHILOH SCOTT","WELLSTON METROLINK STATION",7,21:22:00,21:22:00
"SHILOH SCOTT","WELLSTON METROLINK STATION",7,20:42:00,20:42:00
"LAMBERT AIRPORT TERMINAL #1","WELLSTON METROLINK STATION",22,18:41:00,18:41:00
"SHILOH SCOTT","WELLSTON METROLINK STATION",7,08:02:00,08:02:00
"LAMBERT AIRPORT TERMINAL #1","WELLSTON METROLINK STATION",22,07:15:00,07:15:00
"LAMBERT AIRPORT TERMINAL #1","WELLSTON METROLINK STATION",22,07:39:00,07:39:00
"LAMBERT AIRPORT TERMINAL #1","WELLSTON METROLINK STATION",22,17:39:00,17:39:00
"LAMBERT AIRPORT TERMINAL #1","WELLSTON METROLINK STATION",22,17:51:00,17:51:00
"LAMBERT AIRPORT TERMINAL #1","WELLSTON METROLINK STATION",22,18:03:00,18:03:00
"LAMBERT AIRPORT TERMINAL #1","WELLSTON METROLINK STATION",22,18:15:00,18:15:00
"LAMBERT AIRPORT TERMINAL #1","WELLSTON METROLINK STATION",22,06:01:00,06:01:00
"LAMBERT AIRPORT TERMINAL #1","WELLSTON METROLINK STATION",22,08:15:00,08:15:00
"LAMBERT AIRPORT TERMINAL #1","WELLSTON METROLINK STATION",22,14:01:00,14:01:00
"SHILOH SCOTT","WELLSTON METROLINK STATION",7,19:02:00,19:02:00
"SHILOH SCOTT","WELLSTON METROLINK STATION",7,18:22:00,18:22:00
"SHILOH SCOTT","WELLSTON METROLINK STATION",7,11:22:00,11:22:00
"SHILOH SCOTT","WELLSTON METROLINK STATION",7,12:02:00,12:02:00
"SHILOH SCOTT","WELLSTON METROLINK STATION",7,10:22:00,10:22:00
"SHILOH SCOTT","WELLSTON METROLINK STATION",7,10:42:00,10:42:00
"SHILOH SCOTT","WELLSTON METROLINK STATION",7,20:22:00,20:22:00
"SHILOH SCOTT","WELLSTON METROLINK STATION",7,12:42:00,12:42:00
"LAMBERT AIRPORT TERMINAL #1","WELLSTON METROLINK STATION",22,11:01:00,11:01:00
"LAMBERT AIRPORT TERMINAL #1","WELLSTON METROLINK STATION",22,15:41:00,15:41:00
"LAMBERT AIRPORT TERMINAL #1","WELLSTON METROLINK STATION",22,11:41:00,11:41:00
"LAMBERT AIRPORT TERMINAL #1","WELLSTON METROLINK STATION",22,11:21:00,11:21:00
"LAMBERT AIRPORT TERMINAL #1","WELLSTON METROLINK STATION",22,21:01:00,21:01:00
"LAMBERT AIRPORT TERMINAL #1","WELLSTON METROLINK STATION",5,05:47:00,05:47:00
"SHILOH SCOTT","WELLSTON METROLINK STATION",7,18:10:00,18:10:00
"SHILOH SCOTT","WELLSTON METROLINK STATION",7,17:58:00,17:58:00
"LAMBERT AIRPORT TERMINAL #1","WELLSTON METROLINK STATION",22,08:27:00,08:27:00
"LAMBERT AIRPORT TERMINAL #1","WELLSTON METROLINK STATION",15,05:00:00,05:00:00
"LAMBERT AIRPORT TERMINAL #1","WELLSTON METROLINK STATION",22,14:21:00,14:21:00
"SHILOH SCOTT","WELLSTON METROLINK STATION",7,19:42:00,19:42:00
"LAMBERT AIRPORT TERMINAL #1","WELLSTON METROLINK STATION",22,14:01:00,14:01:00
"SHILOH SCOTT","WELLSTON METROLINK STATION",7,19:02:00,19:02:00
"SHILOH SCOTT","WELLSTON METROLINK STATION",7,19:22:00,19:22:00
"SHILOH SCOTT","WELLSTON METROLINK STATION",7,17:46:00,17:46:00
"SHILOH SCOTT","WELLSTON METROLINK STATION",7,17:58:00,17:58:00
"LAMBERT AIRPORT TERMINAL #1","WELLSTON METROLINK STATION",22,15:01:00,15:01:00
"LAMBERT AIRPORT TERMINAL #1","WELLSTON METROLINK STATION",22,10:41:00,10:41:00
"LAMBERT AIRPORT TERMINAL #1","WELLSTON METROLINK STATION",22,11:01:00,11:01:00
"LAMBERT AIRPORT TERMINAL #1","WELLSTON METROLINK STATION",22,10:01:00,10:01:00
"LAMBERT AIRPORT TERMINAL #1","WELLSTON METROLINK STATION",22,10:21:00,10:21:00
"LAMBERT AIRPORT TERMINAL #1","WELLSTON METROLINK STATION",22,12:01:00,12:01:00
"LAMBERT AIRPORT TERMINAL #1","WELLSTON METROLINK STATION",22,12:21:00,12:21:00
"LAMBERT AIRPORT TERMINAL #1","WELLSTON METROLINK STATION",22,11:21:00,11:21:00
"LAMBERT AIRPORT TERMINAL #1","WELLSTON METROLINK STATION",22,11:41:00,11:41:00
"LAMBERT AIRPORT TERMINAL #1","WELLSTON METROLINK STATION",22,13:41:00,13:41:00
"LAMBERT AIRPORT TERMINAL #1","WELLSTON METROLINK STATION",22,13:01:00,13:01:00
"LAMBERT AIRPORT TERMINAL #1","WELLSTON METROLINK STATION",22,13:21:00,13:21:00
"LAMBERT AIRPORT TERMINAL #1","WELLSTON METROLINK STATION",22,12:21:00,12:21:00
"LAMBERT AIRPORT TERMINAL #1","WELLSTON METROLINK STATION",22,12:41:00,12:41:00
"SHILOH SCOTT","WELLSTON METROLINK STATION",7,07:34:00,07:34:00
"SHILOH SCOTT","WELLSTON METROLINK STATION",7,15:02:00,15:02:00
"SHILOH SCOTT","WELLSTON METROLINK STATION",7,16:42:00,16:42:00
"SHILOH SCOTT","WELLSTON METROLINK STATION",7,10:22:00,10:22:00
"LAMBERT AIRPORT TERMINAL #1","WELLSTON METROLINK STATION",22,19:41:00,19:41:00
"LAMBERT AIRPORT TERMINAL #1","WELLSTON METROLINK STATION",22,05:13:00,05:13:00
"LAMBERT AIRPORT TERMINAL #1","WELLSTON METROLINK STATION",22,14:21:00,14:21:00
"LAMBERT AIRPORT TERMINAL #1","WELLSTON METROLINK STATION",22,05:33:00,05:33:00
"LAMBERT AIRPORT TERMINAL #1","WELLSTON METROLINK STATION",22,19:41:00,19:41:00
"LAMBERT AIRPORT TERMINAL #1","WELLSTON METROLINK STATION",22,13:01:00,13:01:00
"LAMBERT AIRPORT TERMINAL #1","WELLSTON METROLINK STATION",22,06:13:00,06:13:00
"LAMBERT AIRPORT TERMINAL #1","WELLSTON METROLINK STATION",22,20:01:00,20:01:00
"SHILOH SCOTT","WELLSTON METROLINK STATION",7,06:10:00,06:10:00
"LAMBERT AIRPORT TERMINAL #1","WELLSTON METROLINK STATION",22,11:41:00,11:41:00
"SHILOH SCOTT","WELLSTON METROLINK STATION",7,06:02:00,06:02:00
"FAIRVIEW HEIGHTS","WELLSTON METROLINK STATION",7,23:36:00,23:36:00
"LAMBERT AIRPORT TERMINAL #1","WELLSTON METROLINK STATION",22,20:41:00,20:41:00
"LAMBERT AIRPORT TERMINAL #1","WELLSTON METROLINK STATION",5,14:45:00,14:45:00
"LAMBERT AIRPORT TERMINAL #1","WELLSTON METROLINK STATION",22,11:21:00,11:21:00
"LAMBERT AIRPORT TERMINAL #1","WELLSTON METROLINK STATION",22,11:01:00,11:01:00
"LAMBERT AIRPORT TERMINAL #1","WELLSTON METROLINK STATION",22,10:01:00,10:01:00
"FAIRVIEW HEIGHTS","WELLSTON METROLINK STATION",7,24:23:00,24:23:00
"LAMBERT AIRPORT TERMINAL #1","WELLSTON METROLINK STATION",22,10:21:00,10:21:00
"LAMBERT AIRPORT TERMINAL #1","WELLSTON METROLINK STATION",22,18:15:00,18:15:00
"LAMBERT AIRPORT TERMINAL #1","WELLSTON METROLINK STATION",22,23:21:00,23:21:00
"SHILOH SCOTT","WELLSTON METROLINK STATION",7,16:34:00,16:34:00
"LAMBERT AIRPORT TERMINAL #1","WELLSTON METROLINK STATION",22,17:39:00,17:39:00
"LAMBERT AIRPORT TERMINAL #1","WELLSTON METROLINK STATION",22,06:13:00,06:13:00
"LAMBERT AIRPORT TERMINAL #1","WELLSTON METROLINK STATION",22,05:52:00,05:52:00
"LAMBERT AIRPORT TERMINAL #1","WELLSTON METROLINK STATION",22,05:33:00,05:33:00
"LAMBERT AIRPORT TERMINAL #1","WELLSTON METROLINK STATION",22,05:13:00,05:13:00
"SHILOH SCOTT","WELLSTON METROLINK STATION",7,22:02:00,22:02:00
"SHILOH SCOTT","WELLSTON METROLINK STATION",7,20:02:00,20:02:00
"SHILOH SCOTT","WELLSTON METROLINK STATION",7,17:22:00,17:22:00
"SHILOH SCOTT","WELLSTON METROLINK STATION",7,17:42:00,17:42:00
"FAIRVIEW HEIGHTS","WELLSTON METROLINK STATION",7,23:36:00,23:36:00
"LAMBERT AIRPORT TERMINAL #1","WELLSTON METROLINK STATION",22,09:01:00,09:01:00
"LAMBERT AIRPORT TERMINAL #1","WELLSTON METROLINK STATION",22,09:41:00,09:41:00
"LAMBERT AIRPORT TERMINAL #1","WELLSTON METROLINK STATION",22,10:01:00,10:01:00
"LAMBERT AIRPORT TERMINAL #1","WELLSTON METROLINK STATION",22,09:21:00,09:21:00
"SHILOH SCOTT","WELLSTON METROLINK STATION",7,15:42:00,15:42:00
"SHILOH SCOTT","WELLSTON METROLINK STATION",7,15:02:00,15:02:00
"SHILOH SCOTT","WELLSTON METROLINK STATION",7,14:22:00,14:22:00
"SHILOH SCOTT","WELLSTON METROLINK STATION",7,13:02:00,13:02:00
"SHILOH SCOTT","WELLSTON METROLINK STATION",7,11:22:00,11:22:00
"SHILOH SCOTT","WELLSTON METROLINK STATION",7,11:42:00,11:42:00
"SHILOH SCOTT","WELLSTON METROLINK STATION",7,12:02:00,12:02:00
"SHILOH SCOTT","WELLSTON METROLINK STATION",7,12:22:00,12:22:00
"SHILOH SCOTT","WELLSTON METROLINK STATION",7,10:02:00,10:02:00
"SHILOH SCOTT","WELLSTON METROLINK STATION",7,10:22:00,10:22:00
"SHILOH SCOTT","WELLSTON METROLINK STATION",7,10:42:00,10:42:00
"SHILOH SCOTT","WELLSTON METROLINK STATION",7,11:02:00,11:02:00
