"LAMBERT AIRPORT TERMINAL #1","CONVENTION CENTER METROLINK STATION",FFFF00,2,6,04:19:00,04:19:00
"LAMBERT AIRPORT TERMINAL #1","CONVENTION CENTER METROLINK STATION",FFFF00,2,6,04:22:00,04:22:00
"SHREWSBURY LANSDOWNE I-44","CONVENTION CENTER METROLINK STATION",FFFF00,2,6,04:35:00,04:35:00
"LAMBERT AIRPORT TERMINAL #1","CONVENTION CENTER METROLINK STATION",FFFF00,2,6,04:40:00,04:40:00
"SHILOH SCOTT","CONVENTION CENTER METROLINK STATION",FFFF00,2,5,04:43:00,04:43:00
"LAMBERT AIRPORT TERMINAL #1","CONVENTION CENTER METROLINK STATION",FFFF00,2,6,04:47:00,04:47:00
"SHREWSBURY LANSDOWNE I-44","CONVENTION CENTER METROLINK STATION",FFFF00,2,6,04:48:00,04:48:00
"SHILOH SCOTT","CONVENTION CENTER METROLINK STATION",FFFF00,2,5,04:51:00,04:51:00
"LAMBERT AIRPORT TERMINAL #1","CONVENTION CENTER METROLINK STATION",FFFF00,2,13,04:53:00,04:53:00
"SHILOH SCOTT","CONVENTION CENTER METROLINK STATION",FFFF00,2,16,04:56:00,04:56:00
"SHREWSBURY LANSDOWNE I-44","CONVENTION CENTER METROLINK STATION",FFFF00,2,6,05:01:00,05:01:00
"SHREWSBURY LANSDOWNE I-44","CONVENTION CENTER METROLINK STATION",FFFF00,2,6,05:03:00,05:03:00
"FAIRVIEW HEIGHTS","CONVENTION CENTER METROLINK STATION",FFFF00,2,17,05:06:00,05:06:00
"LAMBERT AIRPORT TERMINAL #1","CONVENTION CENTER METROLINK STATION",FFFF00,2,6,05:07:00,05:07:00
"LAMBERT AIRPORT TERMINAL #1","CONVENTION CENTER METROLINK STATION",FFFF00,2,13,05:13:00,05:13:00
"SHILOH SCOTT","CONVENTION CENTER METROLINK STATION",FFFF00,2,16,05:16:00,05:16:00
"SHREWSBURY LANSDOWNE I-44","CONVENTION CENTER METROLINK STATION",FFFF00,2,6,05:21:00,05:21:00
"SHREWSBURY LANSDOWNE I-44","CONVENTION CENTER METROLINK STATION",FFFF00,2,8,05:23:00,05:23:00
"FAIRVIEW HEIGHTS","CONVENTION CENTER METROLINK STATION",FFFF00,2,17,05:26:00,05:26:00
"LAMBERT AIRPORT TERMINAL #1","CONVENTION CENTER METROLINK STATION",FFFF00,2,6,05:27:00,05:27:00
"LAMBERT AIRPORT TERMINAL #1","CONVENTION CENTER METROLINK STATION",FFFF00,2,13,05:32:00,05:32:00
"SHREWSBURY LANSDOWNE I-44","CONVENTION CENTER METROLINK STATION",FFFF00,2,6,05:35:00,05:35:00
"SHILOH SCOTT","CONVENTION CENTER METROLINK STATION",FFFF00,2,16,05:36:00,05:36:00
"LAMBERT AIRPORT TERMINAL #1","CONVENTION CENTER METROLINK STATION",FFFF00,2,13,05:41:00,05:41:00
"SHILOH SCOTT","CONVENTION CENTER METROLINK STATION",FFFF00,2,16,05:42:00,05:42:00
"SHREWSBURY LANSDOWNE I-44","CONVENTION CENTER METROLINK STATION",FFFF00,2,8,05:43:00,05:43:00
"FAIRVIEW HEIGHTS","CONVENTION CENTER METROLINK STATION",FFFF00,2,17,05:46:00,05:46:00
"SHREWSBURY LANSDOWNE I-44","CONVENTION CENTER METROLINK STATION",FFFF00,2,8,05:51:00,05:51:00
"FAIRVIEW HEIGHTS","CONVENTION CENTER METROLINK STATION",FFFF00,2,17,05:52:00,05:52:00
"LAMBERT AIRPORT TERMINAL #1","CONVENTION CENTER METROLINK STATION",FFFF00,2,13,05:53:00,05:53:00
"SHILOH SCOTT","CONVENTION CENTER METROLINK STATION",FFFF00,2,16,05:55:00,05:55:00
"LAMBERT AIRPORT TERMINAL #1","CONVENTION CENTER METROLINK STATION",FFFF00,2,13,06:01:00,06:01:00
"SHILOH SCOTT","CONVENTION CENTER METROLINK STATION",FFFF00,2,16,06:02:00,06:02:00
"SHREWSBURY LANSDOWNE I-44","CONVENTION CENTER METROLINK STATION",FFFF00,2,8,06:02:00,06:02:00
"FAIRVIEW HEIGHTS","CONVENTION CENTER METROLINK STATION",FFFF00,2,17,06:06:00,06:06:00
"LAMBERT AIRPORT TERMINAL #1","CONVENTION CENTER METROLINK STATION",FFFF00,2,13,06:07:00,06:07:00
"SHREWSBURY LANSDOWNE I-44","CONVENTION CENTER METROLINK STATION",FFFF00,2,8,06:11:00,06:11:00
"FAIRVIEW HEIGHTS","CONVENTION CENTER METROLINK STATION",FFFF00,2,17,06:12:00,06:12:00
"SHREWSBURY LANSDOWNE I-44","CONVENTION CENTER METROLINK STATION",FFFF00,2,8,06:13:00,06:13:00
"SHILOH SCOTT","CONVENTION CENTER METROLINK STATION",FFFF00,2,16,06:18:00,06:18:00
"LAMBERT AIRPORT TERMINAL #1","CONVENTION CENTER METROLINK STATION",FFFF00,2,13,06:19:00,06:19:00
"LAMBERT AIRPORT TERMINAL #1","CONVENTION CENTER METROLINK STATION",FFFF00,2,13,06:21:00,06:21:00
"SHILOH SCOTT","CONVENTION CENTER METROLINK STATION",FFFF00,2,16,06:22:00,06:22:00
"FAIRVIEW HEIGHTS","CONVENTION CENTER METROLINK STATION",FFFF00,2,17,06:24:00,06:24:00
"SHREWSBURY LANSDOWNE I-44","CONVENTION CENTER METROLINK STATION",FFFF00,2,8,06:25:00,06:25:00
"SHILOH SCOTT","CONVENTION CENTER METROLINK STATION",FFFF00,2,16,06:30:00,06:30:00
"SHREWSBURY LANSDOWNE I-44","CONVENTION CENTER METROLINK STATION",FFFF00,2,8,06:31:00,06:31:00
"LAMBERT AIRPORT TERMINAL #1","CONVENTION CENTER METROLINK STATION",FFFF00,2,13,06:31:00,06:31:00
"FAIRVIEW HEIGHTS","CONVENTION CENTER METROLINK STATION",FFFF00,2,17,06:32:00,06:32:00
"FAIRVIEW HEIGHTS","CONVENTION CENTER METROLINK STATION",FFFF00,2,17,06:36:00,06:36:00
"SHREWSBURY LANSDOWNE I-44","CONVENTION CENTER METROLINK STATION",FFFF00,2,8,06:37:00,06:37:00
"LAMBERT AIRPORT TERMINAL #1","CONVENTION CENTER METROLINK STATION",FFFF00,2,13,06:41:00,06:41:00
"SHILOH SCOTT","CONVENTION CENTER METROLINK STATION",FFFF00,2,16,06:42:00,06:42:00
"SHILOH SCOTT","CONVENTION CENTER METROLINK STATION",FFFF00,2,16,06:43:00,06:43:00
"LAMBERT AIRPORT TERMINAL #1","CONVENTION CENTER METROLINK STATION",FFFF00,2,13,06:43:00,06:43:00
"FAIRVIEW HEIGHTS","CONVENTION CENTER METROLINK STATION",FFFF00,2,17,06:48:00,06:48:00
"SHREWSBURY LANSDOWNE I-44","CONVENTION CENTER METROLINK STATION",FFFF00,2,6,06:49:00,06:49:00
"SHREWSBURY LANSDOWNE I-44","CONVENTION CENTER METROLINK STATION",FFFF00,2,8,06:51:00,06:51:00
"FAIRVIEW HEIGHTS","CONVENTION CENTER METROLINK STATION",FFFF00,2,17,06:52:00,06:52:00
"SHILOH SCOTT","CONVENTION CENTER METROLINK STATION",FFFF00,2,16,06:54:00,06:54:00
"LAMBERT AIRPORT TERMINAL #1","CONVENTION CENTER METROLINK STATION",FFFF00,2,13,06:55:00,06:55:00
"FAIRVIEW HEIGHTS","CONVENTION CENTER METROLINK STATION",FFFF00,2,17,07:00:00,07:00:00
"SHREWSBURY LANSDOWNE I-44","CONVENTION CENTER METROLINK STATION",FFFF00,2,8,07:01:00,07:01:00
"LAMBERT AIRPORT TERMINAL #1","CONVENTION CENTER METROLINK STATION",FFFF00,2,13,07:01:00,07:01:00
"SHILOH SCOTT","CONVENTION CENTER METROLINK STATION",FFFF00,2,16,07:02:00,07:02:00
"SHILOH SCOTT","CONVENTION CENTER METROLINK STATION",FFFF00,2,16,07:06:00,07:06:00
"LAMBERT AIRPORT TERMINAL #1","CONVENTION CENTER METROLINK STATION",FFFF00,2,13,07:07:00,07:07:00
"SHREWSBURY LANSDOWNE I-44","CONVENTION CENTER METROLINK STATION",FFFF00,2,8,07:11:00,07:11:00
"FAIRVIEW HEIGHTS","CONVENTION CENTER METROLINK STATION",FFFF00,2,17,07:12:00,07:12:00
"SHREWSBURY LANSDOWNE I-44","CONVENTION CENTER METROLINK STATION",FFFF00,2,8,07:13:00,07:13:00
"SHILOH SCOTT","CONVENTION CENTER METROLINK STATION",FFFF00,2,16,07:18:00,07:18:00
"LAMBERT AIRPORT TERMINAL #1","CONVENTION CENTER METROLINK STATION",FFFF00,2,13,07:19:00,07:19:00
"LAMBERT AIRPORT TERMINAL #1","CONVENTION CENTER METROLINK STATION",FFFF00,2,13,07:21:00,07:21:00
"SHILOH SCOTT","CONVENTION CENTER METROLINK STATION",FFFF00,2,16,07:22:00,07:22:00
"FAIRVIEW HEIGHTS","CONVENTION CENTER METROLINK STATION",FFFF00,2,17,07:24:00,07:24:00
"SHREWSBURY LANSDOWNE I-44","CONVENTION CENTER METROLINK STATION",FFFF00,2,8,07:25:00,07:25:00
"SHILOH SCOTT","CONVENTION CENTER METROLINK STATION",FFFF00,2,16,07:30:00,07:30:00
"LAMBERT AIRPORT TERMINAL #1","CONVENTION CENTER METROLINK STATION",FFFF00,2,13,07:31:00,07:31:00
"SHREWSBURY LANSDOWNE I-44","CONVENTION CENTER METROLINK STATION",FFFF00,2,8,07:31:00,07:31:00
"FAIRVIEW HEIGHTS","CONVENTION CENTER METROLINK STATION",FFFF00,2,17,07:32:00,07:32:00
"FAIRVIEW HEIGHTS","CONVENTION CENTER METROLINK STATION",FFFF00,2,17,07:36:00,07:36:00
"SHREWSBURY LANSDOWNE I-44","CONVENTION CENTER METROLINK STATION",FFFF00,2,8,07:37:00,07:37:00
"LAMBERT AIRPORT TERMINAL #1","CONVENTION CENTER METROLINK STATION",FFFF00,2,13,07:41:00,07:41:00
"SHILOH SCOTT","CONVENTION CENTER METROLINK STATION",FFFF00,2,16,07:42:00,07:42:00
"LAMBERT AIRPORT TERMINAL #1","CONVENTION CENTER METROLINK STATION",FFFF00,2,13,07:43:00,07:43:00
"FAIRVIEW HEIGHTS","CONVENTION CENTER METROLINK STATION",FFFF00,2,17,07:48:00,07:48:00
"SHREWSBURY LANSDOWNE I-44","CONVENTION CENTER METROLINK STATION",FFFF00,2,8,07:49:00,07:49:00
"SHREWSBURY LANSDOWNE I-44","CONVENTION CENTER METROLINK STATION",FFFF00,2,8,07:51:00,07:51:00
"FAIRVIEW HEIGHTS","CONVENTION CENTER METROLINK STATION",FFFF00,2,17,07:52:00,07:52:00
"SHILOH SCOTT","CONVENTION CENTER METROLINK STATION",FFFF00,2,16,07:54:00,07:54:00
"LAMBERT AIRPORT TERMINAL #1","CONVENTION CENTER METROLINK STATION",FFFF00,2,13,07:55:00,07:55:00
"FAIRVIEW HEIGHTS","CONVENTION CENTER METROLINK STATION",FFFF00,2,17,08:00:00,08:00:00
"LAMBERT AIRPORT TERMINAL #1","CONVENTION CENTER METROLINK STATION",FFFF00,2,13,08:01:00,08:01:00
"SHREWSBURY LANSDOWNE I-44","CONVENTION CENTER METROLINK STATION",FFFF00,2,8,08:01:00,08:01:00
"SHILOH SCOTT","CONVENTION CENTER METROLINK STATION",FFFF00,2,16,08:02:00,08:02:00
"SHILOH SCOTT","CONVENTION CENTER METROLINK STATION",FFFF00,2,16,08:06:00,08:06:00
"LAMBERT AIRPORT TERMINAL #1","CONVENTION CENTER METROLINK STATION",FFFF00,2,13,08:07:00,08:07:00
"SHREWSBURY LANSDOWNE I-44","CONVENTION CENTER METROLINK STATION",FFFF00,2,8,08:11:00,08:11:00
"FAIRVIEW HEIGHTS","CONVENTION CENTER METROLINK STATION",FFFF00,2,17,08:12:00,08:12:00
"SHREWSBURY LANSDOWNE I-44","CONVENTION CENTER METROLINK STATION",FFFF00,2,8,08:13:00,08:13:00
"SHILOH SCOTT","CONVENTION CENTER METROLINK STATION",FFFF00,2,16,08:18:00,08:18:00
"LAMBERT AIRPORT TERMINAL #1","CONVENTION CENTER METROLINK STATION",FFFF00,2,13,08:19:00,08:19:00
"LAMBERT AIRPORT TERMINAL #1","CONVENTION CENTER METROLINK STATION",FFFF00,2,13,08:21:00,08:21:00
"SHILOH SCOTT","CONVENTION CENTER METROLINK STATION",FFFF00,2,16,08:22:00,08:22:00
"EMERSON PARK","CONVENTION CENTER METROLINK STATION",FFFF00,2,17,08:24:00,08:24:00
"SHREWSBURY LANSDOWNE I-44","CONVENTION CENTER METROLINK STATION",FFFF00,2,8,08:25:00,08:25:00
"SHILOH SCOTT","CONVENTION CENTER METROLINK STATION",FFFF00,2,16,08:30:00,08:30:00
"LAMBERT AIRPORT TERMINAL #1","CONVENTION CENTER METROLINK STATION",FFFF00,2,13,08:31:00,08:31:00
"SHREWSBURY LANSDOWNE I-44","CONVENTION CENTER METROLINK STATION",FFFF00,2,8,08:31:00,08:31:00
"FAIRVIEW HEIGHTS","CONVENTION CENTER METROLINK STATION",FFFF00,2,17,08:32:00,08:32:00
"FAIRVIEW HEIGHTS","CONVENTION CENTER METROLINK STATION",FFFF00,2,17,08:36:00,08:36:00
"SHREWSBURY LANSDOWNE I-44","CONVENTION CENTER METROLINK STATION",FFFF00,2,8,08:37:00,08:37:00
"LAMBERT AIRPORT TERMINAL #1","CONVENTION CENTER METROLINK STATION",FFFF00,2,13,08:41:00,08:41:00
"SHILOH SCOTT","CONVENTION CENTER METROLINK STATION",FFFF00,2,16,08:42:00,08:42:00
"LAMBERT AIRPORT TERMINAL #1","CONVENTION CENTER METROLINK STATION",FFFF00,2,13,08:43:00,08:43:00
"EMERSON PARK","CONVENTION CENTER METROLINK STATION",FFFF00,2,17,08:48:00,08:48:00
"SHREWSBURY LANSDOWNE I-44","CONVENTION CENTER METROLINK STATION",FFFF00,2,8,08:49:00,08:49:00
"SHREWSBURY LANSDOWNE I-44","CONVENTION CENTER METROLINK STATION",FFFF00,2,8,08:51:00,08:51:00
"FAIRVIEW HEIGHTS","CONVENTION CENTER METROLINK STATION",FFFF00,2,17,08:52:00,08:52:00
"SHILOH SCOTT","CONVENTION CENTER METROLINK STATION",FFFF00,2,16,08:54:00,08:54:00
"FAIRVIEW HEIGHTS","CONVENTION CENTER METROLINK STATION",FFFF00,2,17,09:00:00,09:00:00
"LAMBERT AIRPORT TERMINAL #1","CONVENTION CENTER METROLINK STATION",FFFF00,2,13,09:01:00,09:01:00
"SHILOH SCOTT","CONVENTION CENTER METROLINK STATION",FFFF00,2,16,09:02:00,09:02:00
"SHILOH SCOTT","CONVENTION CENTER METROLINK STATION",FFFF00,2,16,09:06:00,09:06:00
"SHREWSBURY LANSDOWNE I-44","CONVENTION CENTER METROLINK STATION",FFFF00,2,8,09:07:00,09:07:00
"SHREWSBURY LANSDOWNE I-44","CONVENTION CENTER METROLINK STATION",FFFF00,2,8,09:11:00,09:11:00
"FAIRVIEW HEIGHTS","CONVENTION CENTER METROLINK STATION",FFFF00,2,17,09:12:00,09:12:00
"LAMBERT AIRPORT TERMINAL #1","CONVENTION CENTER METROLINK STATION",FFFF00,2,13,09:21:00,09:21:00
"SHILOH SCOTT","CONVENTION CENTER METROLINK STATION",FFFF00,2,16,09:22:00,09:22:00
"SHILOH SCOTT","CONVENTION CENTER METROLINK STATION",FFFF00,2,16,09:23:00,09:23:00
"SHREWSBURY LANSDOWNE I-44","CONVENTION CENTER METROLINK STATION",FFFF00,2,8,09:31:00,09:31:00
"FAIRVIEW HEIGHTS","CONVENTION CENTER METROLINK STATION",FFFF00,2,17,09:32:00,09:32:00
"FAIRVIEW HEIGHTS","CONVENTION CENTER METROLINK STATION",FFFF00,2,17,09:33:00,09:33:00
"LAMBERT AIRPORT TERMINAL #1","CONVENTION CENTER METROLINK STATION",FFFF00,2,13,09:41:00,09:41:00
"SHILOH SCOTT","CONVENTION CENTER METROLINK STATION",FFFF00,2,16,09:42:00,09:42:00
"SHILOH SCOTT","CONVENTION CENTER METROLINK STATION",FFFF00,2,16,09:43:00,09:43:00
"SHREWSBURY LANSDOWNE I-44","CONVENTION CENTER METROLINK STATION",FFFF00,2,8,09:51:00,09:51:00
"FAIRVIEW HEIGHTS","CONVENTION CENTER METROLINK STATION",FFFF00,2,17,09:52:00,09:52:00
"LAMBERT AIRPORT TERMINAL #1","CONVENTION CENTER METROLINK STATION",FFFF00,2,13,10:01:00,10:01:00
"SHILOH SCOTT","CONVENTION CENTER METROLINK STATION",FFFF00,2,16,10:02:00,10:02:00
"SHREWSBURY LANSDOWNE I-44","CONVENTION CENTER METROLINK STATION",FFFF00,2,8,10:11:00,10:11:00
"FAIRVIEW HEIGHTS","CONVENTION CENTER METROLINK STATION",FFFF00,2,17,10:12:00,10:12:00
"LAMBERT AIRPORT TERMINAL #1","CONVENTION CENTER METROLINK STATION",FFFF00,2,13,10:21:00,10:21:00
"SHILOH SCOTT","CONVENTION CENTER METROLINK STATION",FFFF00,2,16,10:22:00,10:22:00
"SHREWSBURY LANSDOWNE I-44","CONVENTION CENTER METROLINK STATION",FFFF00,2,8,10:31:00,10:31:00
"FAIRVIEW HEIGHTS","CONVENTION CENTER METROLINK STATION",FFFF00,2,17,10:32:00,10:32:00
"LAMBERT AIRPORT TERMINAL #1","CONVENTION CENTER METROLINK STATION",FFFF00,2,13,10:41:00,10:41:00
"SHILOH SCOTT","CONVENTION CENTER METROLINK STATION",FFFF00,2,16,10:42:00,10:42:00
"SHREWSBURY LANSDOWNE I-44","CONVENTION CENTER METROLINK STATION",FFFF00,2,8,10:51:00,10:51:00
"FAIRVIEW HEIGHTS","CONVENTION CENTER METROLINK STATION",FFFF00,2,17,10:52:00,10:52:00
"LAMBERT AIRPORT TERMINAL #1","CONVENTION CENTER METROLINK STATION",FFFF00,2,13,11:01:00,11:01:00
"SHILOH SCOTT","CONVENTION CENTER METROLINK STATION",FFFF00,2,16,11:02:00,11:02:00
"SHREWSBURY LANSDOWNE I-44","CONVENTION CENTER METROLINK STATION",FFFF00,2,8,11:11:00,11:11:00
"FAIRVIEW HEIGHTS","CONVENTION CENTER METROLINK STATION",FFFF00,2,17,11:12:00,11:12:00
"LAMBERT AIRPORT TERMINAL #1","CONVENTION CENTER METROLINK STATION",FFFF00,2,13,11:21:00,11:21:00
"SHILOH SCOTT","CONVENTION CENTER METROLINK STATION",FFFF00,2,16,11:22:00,11:22:00
"SHREWSBURY LANSDOWNE I-44","CONVENTION CENTER METROLINK STATION",FFFF00,2,8,11:31:00,11:31:00
"FAIRVIEW HEIGHTS","CONVENTION CENTER METROLINK STATION",FFFF00,2,17,11:32:00,11:32:00
"LAMBERT AIRPORT TERMINAL #1","CONVENTION CENTER METROLINK STATION",FFFF00,2,13,11:41:00,11:41:00
"SHILOH SCOTT","CONVENTION CENTER METROLINK STATION",FFFF00,2,16,11:42:00,11:42:00
"SHREWSBURY LANSDOWNE I-44","CONVENTION CENTER METROLINK STATION",FFFF00,2,8,11:51:00,11:51:00
"FAIRVIEW HEIGHTS","CONVENTION CENTER METROLINK STATION",FFFF00,2,17,11:52:00,11:52:00
"LAMBERT AIRPORT TERMINAL #1","CONVENTION CENTER METROLINK STATION",FFFF00,2,13,12:01:00,12:01:00
"SHILOH SCOTT","CONVENTION CENTER METROLINK STATION",FFFF00,2,16,12:02:00,12:02:00
"SHREWSBURY LANSDOWNE I-44","CONVENTION CENTER METROLINK STATION",FFFF00,2,8,12:11:00,12:11:00
"FAIRVIEW HEIGHTS","CONVENTION CENTER METROLINK STATION",FFFF00,2,17,12:12:00,12:12:00
"LAMBERT AIRPORT TERMINAL #1","CONVENTION CENTER METROLINK STATION",FFFF00,2,13,12:21:00,12:21:00
"SHILOH SCOTT","CONVENTION CENTER METROLINK STATION",FFFF00,2,16,12:22:00,12:22:00
"SHREWSBURY LANSDOWNE I-44","CONVENTION CENTER METROLINK STATION",FFFF00,2,8,12:31:00,12:31:00
"FAIRVIEW HEIGHTS","CONVENTION CENTER METROLINK STATION",FFFF00,2,17,12:32:00,12:32:00
"LAMBERT AIRPORT TERMINAL #1","CONVENTION CENTER METROLINK STATION",FFFF00,2,13,12:41:00,12:41:00
"SHILOH SCOTT","CONVENTION CENTER METROLINK STATION",FFFF00,2,16,12:42:00,12:42:00
"SHREWSBURY LANSDOWNE I-44","CONVENTION CENTER METROLINK STATION",FFFF00,2,8,12:51:00,12:51:00
"FAIRVIEW HEIGHTS","CONVENTION CENTER METROLINK STATION",FFFF00,2,17,12:52:00,12:52:00
"LAMBERT AIRPORT TERMINAL #1","CONVENTION CENTER METROLINK STATION",FFFF00,2,13,13:01:00,13:01:00
"SHILOH SCOTT","CONVENTION CENTER METROLINK STATION",FFFF00,2,16,13:02:00,13:02:00
"SHREWSBURY LANSDOWNE I-44","CONVENTION CENTER METROLINK STATION",FFFF00,2,8,13:11:00,13:11:00
"FAIRVIEW HEIGHTS","CONVENTION CENTER METROLINK STATION",FFFF00,2,17,13:12:00,13:12:00
"LAMBERT AIRPORT TERMINAL #1","CONVENTION CENTER METROLINK STATION",FFFF00,2,13,13:21:00,13:21:00
"SHILOH SCOTT","CONVENTION CENTER METROLINK STATION",FFFF00,2,16,13:22:00,13:22:00
"SHREWSBURY LANSDOWNE I-44","CONVENTION CENTER METROLINK STATION",FFFF00,2,8,13:31:00,13:31:00
"FAIRVIEW HEIGHTS","CONVENTION CENTER METROLINK STATION",FFFF00,2,17,13:32:00,13:32:00
"LAMBERT AIRPORT TERMINAL #1","CONVENTION CENTER METROLINK STATION",FFFF00,2,13,13:41:00,13:41:00
"SHILOH SCOTT","CONVENTION CENTER METROLINK STATION",FFFF00,2,16,13:42:00,13:42:00
"SHREWSBURY LANSDOWNE I-44","CONVENTION CENTER METROLINK STATION",FFFF00,2,8,13:51:00,13:51:00
"FAIRVIEW HEIGHTS","CONVENTION CENTER METROLINK STATION",FFFF00,2,17,13:52:00,13:52:00
"LAMBERT AIRPORT TERMINAL #1","CONVENTION CENTER METROLINK STATION",FFFF00,2,13,14:01:00,14:01:00
"SHILOH SCOTT","CONVENTION CENTER METROLINK STATION",FFFF00,2,16,14:02:00,14:02:00
"SHREWSBURY LANSDOWNE I-44","CONVENTION CENTER METROLINK STATION",FFFF00,2,8,14:11:00,14:11:00
"FAIRVIEW HEIGHTS","CONVENTION CENTER METROLINK STATION",FFFF00,2,17,14:12:00,14:12:00
"LAMBERT AIRPORT TERMINAL #1","CONVENTION CENTER METROLINK STATION",FFFF00,2,13,14:21:00,14:21:00
"SHILOH SCOTT","CONVENTION CENTER METROLINK STATION",FFFF00,2,16,14:22:00,14:22:00
"SHREWSBURY LANSDOWNE I-44","CONVENTION CENTER METROLINK STATION",FFFF00,2,8,14:30:00,14:30:00
"FAIRVIEW HEIGHTS","CONVENTION CENTER METROLINK STATION",FFFF00,2,17,14:31:00,14:31:00
"SHREWSBURY LANSDOWNE I-44","CONVENTION CENTER METROLINK STATION",FFFF00,2,8,14:31:00,14:31:00
"FAIRVIEW HEIGHTS","CONVENTION CENTER METROLINK STATION",FFFF00,2,17,14:32:00,14:32:00
"LAMBERT AIRPORT TERMINAL #1","CONVENTION CENTER METROLINK STATION",FFFF00,2,13,14:39:00,14:39:00
"LAMBERT AIRPORT TERMINAL #1","CONVENTION CENTER METROLINK STATION",FFFF00,2,13,14:41:00,14:41:00
"SHILOH SCOTT","CONVENTION CENTER METROLINK STATION",FFFF00,2,16,14:42:00,14:42:00
"SHREWSBURY LANSDOWNE I-44","CONVENTION CENTER METROLINK STATION",FFFF00,2,8,14:44:00,14:44:00
"SHREWSBURY LANSDOWNE I-44","CONVENTION CENTER METROLINK STATION",FFFF00,2,8,14:51:00,14:51:00
"FAIRVIEW HEIGHTS","CONVENTION CENTER METROLINK STATION",FFFF00,2,17,14:52:00,14:52:00
"LAMBERT AIRPORT TERMINAL #1","CONVENTION CENTER METROLINK STATION",FFFF00,2,13,14:54:00,14:54:00
"SHREWSBURY LANSDOWNE I-44","CONVENTION CENTER METROLINK STATION",FFFF00,2,6,15:00:00,15:00:00
"LAMBERT AIRPORT TERMINAL #1","CONVENTION CENTER METROLINK STATION",FFFF00,2,13,15:01:00,15:01:00
"SHILOH SCOTT","CONVENTION CENTER METROLINK STATION",FFFF00,2,16,15:02:00,15:02:00
"SHILOH SCOTT","CONVENTION CENTER METROLINK STATION",FFFF00,2,16,15:03:00,15:03:00
"LAMBERT AIRPORT TERMINAL #1","CONVENTION CENTER METROLINK STATION",FFFF00,2,6,15:04:00,15:04:00
"SHREWSBURY LANSDOWNE I-44","CONVENTION CENTER METROLINK STATION",FFFF00,2,8,15:09:00,15:09:00
"SHREWSBURY LANSDOWNE I-44","CONVENTION CENTER METROLINK STATION",FFFF00,2,8,15:11:00,15:11:00
"FAIRVIEW HEIGHTS","CONVENTION CENTER METROLINK STATION",FFFF00,2,17,15:12:00,15:12:00
"FAIRVIEW HEIGHTS","CONVENTION CENTER METROLINK STATION",FFFF00,2,17,15:13:00,15:13:00
"LAMBERT AIRPORT TERMINAL #1","CONVENTION CENTER METROLINK STATION",FFFF00,2,13,15:19:00,15:19:00
"LAMBERT AIRPORT TERMINAL #1","CONVENTION CENTER METROLINK STATION",FFFF00,2,13,15:21:00,15:21:00
"SHILOH SCOTT","CONVENTION CENTER METROLINK STATION",FFFF00,2,16,15:22:00,15:22:00
"SHILOH SCOTT","CONVENTION CENTER METROLINK STATION",FFFF00,2,16,15:24:00,15:24:00
"SHREWSBURY LANSDOWNE I-44","CONVENTION CENTER METROLINK STATION",FFFF00,2,8,15:25:00,15:25:00
"SHREWSBURY LANSDOWNE I-44","CONVENTION CENTER METROLINK STATION",FFFF00,2,8,15:31:00,15:31:00
"LAMBERT AIRPORT TERMINAL #1","CONVENTION CENTER METROLINK STATION",FFFF00,2,13,15:31:00,15:31:00
"FAIRVIEW HEIGHTS","CONVENTION CENTER METROLINK STATION",FFFF00,2,17,15:31:00,15:31:00
"FAIRVIEW HEIGHTS","CONVENTION CENTER METROLINK STATION",FFFF00,2,17,15:32:00,15:32:00
"SHREWSBURY LANSDOWNE I-44","CONVENTION CENTER METROLINK STATION",FFFF00,2,6,15:37:00,15:37:00
"LAMBERT AIRPORT TERMINAL #1","CONVENTION CENTER METROLINK STATION",FFFF00,2,13,15:41:00,15:41:00
"SHILOH SCOTT","CONVENTION CENTER METROLINK STATION",FFFF00,2,16,15:42:00,15:42:00
"LAMBERT AIRPORT TERMINAL #1","CONVENTION CENTER METROLINK STATION",FFFF00,2,13,15:43:00,15:43:00
"FAIRVIEW HEIGHTS","CONVENTION CENTER METROLINK STATION",FFFF00,2,17,15:48:00,15:48:00
"SHREWSBURY LANSDOWNE I-44","CONVENTION CENTER METROLINK STATION",FFFF00,2,8,15:49:00,15:49:00
"SHREWSBURY LANSDOWNE I-44","CONVENTION CENTER METROLINK STATION",FFFF00,2,8,15:51:00,15:51:00
"FAIRVIEW HEIGHTS","CONVENTION CENTER METROLINK STATION",FFFF00,2,17,15:52:00,15:52:00
"SHILOH SCOTT","CONVENTION CENTER METROLINK STATION",FFFF00,2,16,15:54:00,15:54:00
"LAMBERT AIRPORT TERMINAL #1","CONVENTION CENTER METROLINK STATION",FFFF00,2,13,15:55:00,15:55:00
"FAIRVIEW HEIGHTS","CONVENTION CENTER METROLINK STATION",FFFF00,2,17,16:00:00,16:00:00
"SHREWSBURY LANSDOWNE I-44","CONVENTION CENTER METROLINK STATION",FFFF00,2,8,16:01:00,16:01:00
"LAMBERT AIRPORT TERMINAL #1","CONVENTION CENTER METROLINK STATION",FFFF00,2,13,16:01:00,16:01:00
"SHILOH SCOTT","CONVENTION CENTER METROLINK STATION",FFFF00,2,16,16:02:00,16:02:00
"SHILOH SCOTT","CONVENTION CENTER METROLINK STATION",FFFF00,2,16,16:06:00,16:06:00
"LAMBERT AIRPORT TERMINAL #1","CONVENTION CENTER METROLINK STATION",FFFF00,2,13,16:07:00,16:07:00
"SHREWSBURY LANSDOWNE I-44","CONVENTION CENTER METROLINK STATION",FFFF00,2,8,16:11:00,16:11:00
"FAIRVIEW HEIGHTS","CONVENTION CENTER METROLINK STATION",FFFF00,2,17,16:12:00,16:12:00
"SHREWSBURY LANSDOWNE I-44","CONVENTION CENTER METROLINK STATION",FFFF00,2,6,16:13:00,16:13:00
"SHILOH SCOTT","CONVENTION CENTER METROLINK STATION",FFFF00,2,16,16:18:00,16:18:00
"LAMBERT AIRPORT TERMINAL #1","CONVENTION CENTER METROLINK STATION",FFFF00,2,13,16:19:00,16:19:00
"LAMBERT AIRPORT TERMINAL #1","CONVENTION CENTER METROLINK STATION",FFFF00,2,13,16:21:00,16:21:00
"SHILOH SCOTT","CONVENTION CENTER METROLINK STATION",FFFF00,2,16,16:22:00,16:22:00
"FAIRVIEW HEIGHTS","CONVENTION CENTER METROLINK STATION",FFFF00,2,17,16:24:00,16:24:00
"SHREWSBURY LANSDOWNE I-44","CONVENTION CENTER METROLINK STATION",FFFF00,2,8,16:25:00,16:25:00
"SHILOH SCOTT","CONVENTION CENTER METROLINK STATION",FFFF00,2,16,16:30:00,16:30:00
"SHREWSBURY LANSDOWNE I-44","CONVENTION CENTER METROLINK STATION",FFFF00,2,8,16:31:00,16:31:00
"LAMBERT AIRPORT TERMINAL #1","CONVENTION CENTER METROLINK STATION",FFFF00,2,13,16:31:00,16:31:00
"FAIRVIEW HEIGHTS","CONVENTION CENTER METROLINK STATION",FFFF00,2,17,16:32:00,16:32:00
"FAIRVIEW HEIGHTS","CONVENTION CENTER METROLINK STATION",FFFF00,2,17,16:36:00,16:36:00
"SHREWSBURY LANSDOWNE I-44","CONVENTION CENTER METROLINK STATION",FFFF00,2,8,16:37:00,16:37:00
"LAMBERT AIRPORT TERMINAL #1","CONVENTION CENTER METROLINK STATION",FFFF00,2,13,16:41:00,16:41:00
"SHILOH SCOTT","CONVENTION CENTER METROLINK STATION",FFFF00,2,16,16:42:00,16:42:00
"LAMBERT AIRPORT TERMINAL #1","CONVENTION CENTER METROLINK STATION",FFFF00,2,13,16:43:00,16:43:00
"FAIRVIEW HEIGHTS","CONVENTION CENTER METROLINK STATION",FFFF00,2,17,16:48:00,16:48:00
"SHREWSBURY LANSDOWNE I-44","CONVENTION CENTER METROLINK STATION",FFFF00,2,8,16:49:00,16:49:00
"SHREWSBURY LANSDOWNE I-44","CONVENTION CENTER METROLINK STATION",FFFF00,2,8,16:51:00,16:51:00
"FAIRVIEW HEIGHTS","CONVENTION CENTER METROLINK STATION",FFFF00,2,17,16:52:00,16:52:00
"SHILOH SCOTT","CONVENTION CENTER METROLINK STATION",FFFF00,2,16,16:54:00,16:54:00
"LAMBERT AIRPORT TERMINAL #1","CONVENTION CENTER METROLINK STATION",FFFF00,2,13,16:55:00,16:55:00
"FAIRVIEW HEIGHTS","CONVENTION CENTER METROLINK STATION",FFFF00,2,17,17:00:00,17:00:00
"LAMBERT AIRPORT TERMINAL #1","CONVENTION CENTER METROLINK STATION",FFFF00,2,13,17:01:00,17:01:00
"SHREWSBURY LANSDOWNE I-44","CONVENTION CENTER METROLINK STATION",FFFF00,2,8,17:01:00,17:01:00
"SHILOH SCOTT","CONVENTION CENTER METROLINK STATION",FFFF00,2,16,17:02:00,17:02:00
"SHILOH SCOTT","CONVENTION CENTER METROLINK STATION",FFFF00,2,16,17:06:00,17:06:00
"LAMBERT AIRPORT TERMINAL #1","CONVENTION CENTER METROLINK STATION",FFFF00,2,13,17:07:00,17:07:00
"SHREWSBURY LANSDOWNE I-44","CONVENTION CENTER METROLINK STATION",FFFF00,2,8,17:11:00,17:11:00
"FAIRVIEW HEIGHTS","CONVENTION CENTER METROLINK STATION",FFFF00,2,17,17:12:00,17:12:00
"SHREWSBURY LANSDOWNE I-44","CONVENTION CENTER METROLINK STATION",FFFF00,2,8,17:13:00,17:13:00
"SHILOH SCOTT","CONVENTION CENTER METROLINK STATION",FFFF00,2,16,17:18:00,17:18:00
"LAMBERT AIRPORT TERMINAL #1","CONVENTION CENTER METROLINK STATION",FFFF00,2,13,17:19:00,17:19:00
"LAMBERT AIRPORT TERMINAL #1","CONVENTION CENTER METROLINK STATION",FFFF00,2,13,17:21:00,17:21:00
"SHILOH SCOTT","CONVENTION CENTER METROLINK STATION",FFFF00,2,16,17:22:00,17:22:00
"FAIRVIEW HEIGHTS","CONVENTION CENTER METROLINK STATION",FFFF00,2,17,17:24:00,17:24:00
"SHREWSBURY LANSDOWNE I-44","CONVENTION CENTER METROLINK STATION",FFFF00,2,8,17:25:00,17:25:00
"SHILOH SCOTT","CONVENTION CENTER METROLINK STATION",FFFF00,2,16,17:30:00,17:30:00
"LAMBERT AIRPORT TERMINAL #1","CONVENTION CENTER METROLINK STATION",FFFF00,2,13,17:31:00,17:31:00
"SHREWSBURY LANSDOWNE I-44","CONVENTION CENTER METROLINK STATION",FFFF00,2,8,17:31:00,17:31:00
"FAIRVIEW HEIGHTS","CONVENTION CENTER METROLINK STATION",FFFF00,2,17,17:32:00,17:32:00
"FAIRVIEW HEIGHTS","CONVENTION CENTER METROLINK STATION",FFFF00,2,17,17:36:00,17:36:00
"SHREWSBURY LANSDOWNE I-44","CONVENTION CENTER METROLINK STATION",FFFF00,2,8,17:37:00,17:37:00
"LAMBERT AIRPORT TERMINAL #1","CONVENTION CENTER METROLINK STATION",FFFF00,2,13,17:41:00,17:41:00
"SHILOH SCOTT","CONVENTION CENTER METROLINK STATION",FFFF00,2,16,17:42:00,17:42:00
"LAMBERT AIRPORT TERMINAL #1","CONVENTION CENTER METROLINK STATION",FFFF00,2,13,17:43:00,17:43:00
"FAIRVIEW HEIGHTS","CONVENTION CENTER METROLINK STATION",FFFF00,2,17,17:48:00,17:48:00
"SHREWSBURY LANSDOWNE I-44","CONVENTION CENTER METROLINK STATION",FFFF00,2,8,17:49:00,17:49:00
"SHREWSBURY LANSDOWNE I-44","CONVENTION CENTER METROLINK STATION",FFFF00,2,8,17:51:00,17:51:00
"FAIRVIEW HEIGHTS","CONVENTION CENTER METROLINK STATION",FFFF00,2,17,17:52:00,17:52:00
"SHILOH SCOTT","CONVENTION CENTER METROLINK STATION",FFFF00,2,16,17:54:00,17:54:00
"LAMBERT AIRPORT TERMINAL #1","CONVENTION CENTER METROLINK STATION",FFFF00,2,13,17:55:00,17:55:00
"FAIRVIEW HEIGHTS","CONVENTION CENTER METROLINK STATION",FFFF00,2,17,18:00:00,18:00:00
"LAMBERT AIRPORT TERMINAL #1","CONVENTION CENTER METROLINK STATION",FFFF00,2,13,18:01:00,18:01:00
"SHREWSBURY LANSDOWNE I-44","CONVENTION CENTER METROLINK STATION",FFFF00,2,8,18:01:00,18:01:00
"SHILOH SCOTT","CONVENTION CENTER METROLINK STATION",FFFF00,2,16,18:02:00,18:02:00
"SHILOH SCOTT","CONVENTION CENTER METROLINK STATION",FFFF00,2,16,18:06:00,18:06:00
"LAMBERT AIRPORT TERMINAL #1","CONVENTION CENTER METROLINK STATION",FFFF00,2,13,18:07:00,18:07:00
"SHREWSBURY LANSDOWNE I-44","CONVENTION CENTER METROLINK STATION",FFFF00,2,8,18:11:00,18:11:00
"FAIRVIEW HEIGHTS","CONVENTION CENTER METROLINK STATION",FFFF00,2,17,18:12:00,18:12:00
"SHREWSBURY LANSDOWNE I-44","CONVENTION CENTER METROLINK STATION",FFFF00,2,8,18:13:00,18:13:00
"LAMBERT AIRPORT TERMINAL #1","CONVENTION CENTER METROLINK STATION",FFFF00,2,13,18:17:00,18:17:00
"SHILOH SCOTT","CONVENTION CENTER METROLINK STATION",FFFF00,2,16,18:18:00,18:18:00
"LAMBERT AIRPORT TERMINAL #1","CONVENTION CENTER METROLINK STATION",FFFF00,2,13,18:21:00,18:21:00
"SHILOH SCOTT","CONVENTION CENTER METROLINK STATION",FFFF00,2,16,18:22:00,18:22:00
"EMERSON PARK","CONVENTION CENTER METROLINK STATION",FFFF00,2,17,18:24:00,18:24:00
"SHREWSBURY LANSDOWNE I-44","CONVENTION CENTER METROLINK STATION",FFFF00,2,8,18:26:00,18:26:00
"SHILOH SCOTT","CONVENTION CENTER METROLINK STATION",FFFF00,2,16,18:30:00,18:30:00
"SHREWSBURY LANSDOWNE I-44","CONVENTION CENTER METROLINK STATION",FFFF00,2,8,18:31:00,18:31:00
"FAIRVIEW HEIGHTS","CONVENTION CENTER METROLINK STATION",FFFF00,2,17,18:32:00,18:32:00
"FAIRVIEW HEIGHTS","CONVENTION CENTER METROLINK STATION",FFFF00,2,17,18:36:00,18:36:00
"LAMBERT AIRPORT TERMINAL #1","CONVENTION CENTER METROLINK STATION",FFFF00,2,13,18:37:00,18:37:00
"LAMBERT AIRPORT TERMINAL #1","CONVENTION CENTER METROLINK STATION",FFFF00,2,13,18:41:00,18:41:00
"SHILOH SCOTT","CONVENTION CENTER METROLINK STATION",FFFF00,2,16,18:42:00,18:42:00
"SHILOH SCOTT","CONVENTION CENTER METROLINK STATION",FFFF00,2,16,18:43:00,18:43:00
"SHREWSBURY LANSDOWNE I-44","CONVENTION CENTER METROLINK STATION",FFFF00,2,8,18:51:00,18:51:00
"FAIRVIEW HEIGHTS","CONVENTION CENTER METROLINK STATION",FFFF00,2,17,18:52:00,18:52:00
"FAIRVIEW HEIGHTS","CONVENTION CENTER METROLINK STATION",FFFF00,2,17,18:53:00,18:53:00
"LAMBERT AIRPORT TERMINAL #1","CONVENTION CENTER METROLINK STATION",FFFF00,2,13,19:01:00,19:01:00
"SHILOH SCOTT","CONVENTION CENTER METROLINK STATION",FFFF00,2,16,19:01:00,19:01:00
"SHILOH SCOTT","CONVENTION CENTER METROLINK STATION",FFFF00,2,16,19:02:00,19:02:00
"SHREWSBURY LANSDOWNE I-44","CONVENTION CENTER METROLINK STATION",FFFF00,2,8,19:11:00,19:11:00
"FAIRVIEW HEIGHTS","CONVENTION CENTER METROLINK STATION",FFFF00,2,17,19:12:00,19:12:00
"FAIRVIEW HEIGHTS","CONVENTION CENTER METROLINK STATION",FFFF00,2,17,19:13:00,19:13:00
"LAMBERT AIRPORT TERMINAL #1","CONVENTION CENTER METROLINK STATION",FFFF00,2,13,19:21:00,19:21:00
"SHILOH SCOTT","CONVENTION CENTER METROLINK STATION",FFFF00,2,16,19:22:00,19:22:00
"SHREWSBURY LANSDOWNE I-44","CONVENTION CENTER METROLINK STATION",FFFF00,2,8,19:31:00,19:31:00
"FAIRVIEW HEIGHTS","CONVENTION CENTER METROLINK STATION",FFFF00,2,17,19:32:00,19:32:00
"LAMBERT AIRPORT TERMINAL #1","CONVENTION CENTER METROLINK STATION",FFFF00,2,13,19:41:00,19:41:00
"SHILOH SCOTT","CONVENTION CENTER METROLINK STATION",FFFF00,2,16,19:42:00,19:42:00
"SHREWSBURY LANSDOWNE I-44","CONVENTION CENTER METROLINK STATION",FFFF00,2,8,19:51:00,19:51:00
"FAIRVIEW HEIGHTS","CONVENTION CENTER METROLINK STATION",FFFF00,2,17,19:52:00,19:52:00
"LAMBERT AIRPORT TERMINAL #1","CONVENTION CENTER METROLINK STATION",FFFF00,2,13,20:01:00,20:01:00
"SHILOH SCOTT","CONVENTION CENTER METROLINK STATION",FFFF00,2,16,20:02:00,20:02:00
"SHREWSBURY LANSDOWNE I-44","CONVENTION CENTER METROLINK STATION",FFFF00,2,8,20:11:00,20:11:00
"FAIRVIEW HEIGHTS","CONVENTION CENTER METROLINK STATION",FFFF00,2,17,20:12:00,20:12:00
"LAMBERT AIRPORT TERMINAL #1","CONVENTION CENTER METROLINK STATION",FFFF00,2,13,20:21:00,20:21:00
"SHILOH SCOTT","CONVENTION CENTER METROLINK STATION",FFFF00,2,16,20:22:00,20:22:00
"SHREWSBURY LANSDOWNE I-44","CONVENTION CENTER METROLINK STATION",FFFF00,2,8,20:31:00,20:31:00
"FAIRVIEW HEIGHTS","CONVENTION CENTER METROLINK STATION",FFFF00,2,17,20:32:00,20:32:00
"LAMBERT AIRPORT TERMINAL #1","CONVENTION CENTER METROLINK STATION",FFFF00,2,13,20:41:00,20:41:00
"SHILOH SCOTT","CONVENTION CENTER METROLINK STATION",FFFF00,2,16,20:42:00,20:42:00
"SHREWSBURY LANSDOWNE I-44","CONVENTION CENTER METROLINK STATION",FFFF00,2,8,20:51:00,20:51:00
"FAIRVIEW HEIGHTS","CONVENTION CENTER METROLINK STATION",FFFF00,2,17,20:52:00,20:52:00
"LAMBERT AIRPORT TERMINAL #1","CONVENTION CENTER METROLINK STATION",FFFF00,2,13,21:01:00,21:01:00
"SHILOH SCOTT","CONVENTION CENTER METROLINK STATION",FFFF00,2,16,21:02:00,21:02:00
"SHREWSBURY LANSDOWNE I-44","CONVENTION CENTER METROLINK STATION",FFFF00,2,8,21:11:00,21:11:00
"FAIRVIEW HEIGHTS","CONVENTION CENTER METROLINK STATION",FFFF00,2,17,21:12:00,21:12:00
"LAMBERT AIRPORT TERMINAL #1","CONVENTION CENTER METROLINK STATION",FFFF00,2,13,21:21:00,21:21:00
"SHILOH SCOTT","CONVENTION CENTER METROLINK STATION",FFFF00,2,16,21:22:00,21:22:00
"SHREWSBURY LANSDOWNE I-44","CONVENTION CENTER METROLINK STATION",FFFF00,2,8,21:31:00,21:31:00
"FAIRVIEW HEIGHTS","CONVENTION CENTER METROLINK STATION",FFFF00,2,17,21:32:00,21:32:00
"LAMBERT AIRPORT TERMINAL #1","CONVENTION CENTER METROLINK STATION",FFFF00,2,13,21:41:00,21:41:00
"SHILOH SCOTT","CONVENTION CENTER METROLINK STATION",FFFF00,2,16,21:42:00,21:42:00
"SHREWSBURY LANSDOWNE I-44","CONVENTION CENTER METROLINK STATION",FFFF00,2,8,21:51:00,21:51:00
"FAIRVIEW HEIGHTS","CONVENTION CENTER METROLINK STATION",FFFF00,2,17,21:52:00,21:52:00
"LAMBERT AIRPORT TERMINAL #1","CONVENTION CENTER METROLINK STATION",FFFF00,2,13,22:01:00,22:01:00
"SHILOH SCOTT","CONVENTION CENTER METROLINK STATION",FFFF00,2,16,22:02:00,22:02:00
"SHREWSBURY LANSDOWNE I-44","CONVENTION CENTER METROLINK STATION",FFFF00,2,8,22:11:00,22:11:00
"FAIRVIEW HEIGHTS","CONVENTION CENTER METROLINK STATION",FFFF00,2,17,22:12:00,22:12:00
"LAMBERT AIRPORT TERMINAL #1","CONVENTION CENTER METROLINK STATION",FFFF00,2,13,22:21:00,22:21:00
"SHILOH SCOTT","CONVENTION CENTER METROLINK STATION",FFFF00,2,16,22:22:00,22:22:00
"SHREWSBURY LANSDOWNE I-44","CONVENTION CENTER METROLINK STATION",FFFF00,2,8,22:31:00,22:31:00
"FAIRVIEW HEIGHTS","CONVENTION CENTER METROLINK STATION",FFFF00,2,17,22:32:00,22:32:00
"LAMBERT AIRPORT TERMINAL #1","CONVENTION CENTER METROLINK STATION",FFFF00,2,13,22:41:00,22:41:00
"SHILOH SCOTT","CONVENTION CENTER METROLINK STATION",FFFF00,2,16,22:42:00,22:42:00
"SHREWSBURY LANSDOWNE I-44","CONVENTION CENTER METROLINK STATION",FFFF00,2,8,22:51:00,22:51:00
"FAIRVIEW HEIGHTS","CONVENTION CENTER METROLINK STATION",FFFF00,2,17,22:52:00,22:52:00
"LAMBERT AIRPORT TERMINAL #1","CONVENTION CENTER METROLINK STATION",FFFF00,2,13,23:01:00,23:01:00
"SHILOH SCOTT","CONVENTION CENTER METROLINK STATION",FFFF00,2,16,23:02:00,23:02:00
"SHREWSBURY LANSDOWNE I-44","CONVENTION CENTER METROLINK STATION",FFFF00,2,8,23:10:00,23:10:00
"FAIRVIEW HEIGHTS","CONVENTION CENTER METROLINK STATION",FFFF00,2,17,23:12:00,23:12:00
"LAMBERT AIRPORT TERMINAL #1","CONVENTION CENTER METROLINK STATION",FFFF00,2,13,23:20:00,23:20:00
"SHILOH SCOTT","CONVENTION CENTER METROLINK STATION",FFFF00,2,16,23:22:00,23:22:00
"SHREWSBURY LANSDOWNE I-44","CONVENTION CENTER METROLINK STATION",FFFF00,2,8,23:30:00,23:30:00
"FAIRVIEW HEIGHTS","CONVENTION CENTER METROLINK STATION",FFFF00,2,17,23:32:00,23:32:00
"EMERSON PARK","CONVENTION CENTER METROLINK STATION",FFFF00,2,17,23:42:00,23:42:00
"LAMBERT AIRPORT TERMINAL #1","CONVENTION CENTER METROLINK STATION",FFFF00,2,13,23:42:00,23:42:00
"SHILOH SCOTT","CONVENTION CENTER METROLINK STATION",FFFF00,2,16,23:46:00,23:46:00
"FAIRVIEW HEIGHTS","CONVENTION CENTER METROLINK STATION",FFFF00,2,16,23:56:00,23:56:00
"EMERSON PARK","CONVENTION CENTER METROLINK STATION",FFFF00,2,17,24:02:00,24:02:00
"SHREWSBURY LANSDOWNE I-44","CONVENTION CENTER METROLINK STATION",FFFF00,2,8,24:07:00,24:07:00
"FAIRVIEW HEIGHTS","CONVENTION CENTER METROLINK STATION",FFFF00,2,16,24:16:00,24:16:00
"LAMBERT AIRPORT TERMINAL #1","CONVENTION CENTER METROLINK STATION",FFFF00,2,13,24:17:00,24:17:00
"FAIRVIEW HEIGHTS","CONVENTION CENTER METROLINK STATION",FFFF00,2,17,24:28:00,24:28:00
"FAIRVIEW HEIGHTS","CONVENTION CENTER METROLINK STATION",FFFF00,2,16,24:43:00,24:43:00
